2026-08-31T15:09:51.836-0300 [DEBUG] [org.gradle.launcher.daemon.bootstrap.DaemonMain] Assuming the daemon was started with following jvm opts: [--add-opens=java.base/java.util=ALL-UNNAMED, --add-opens=java.base/java.lang=ALL-UNNAMED, --add-opens=java.base/java.lang.invoke=ALL-UNNAMED, --add-opens=java.prefs/java.util.prefs=ALL-UNNAMED, --add-opens=java.base/java.nio.charset=ALL-UNNAMED, --add-opens=java.base/java.net=ALL-UNNAMED, --add-opens=java.base/java.util.concurrent.atomic=ALL-UNNAMED, -XX:MaxMetaspaceSize=384m, -XX:+HeapDumpOnOutOfMemoryError, -Xms256m, -Xmx512m, -Dfile.encoding=windows-1252, -Duser.country=BR, -Duser.language=pt, -Duser.variant]
2026-08-31T15:09:51.931-0300 [DEBUG] [org.gradle.internal.nativeintegration.services.NativeServices] Native-platform posix files integration is not available. Continuing with fallback.
2026-08-31T15:09:51.937-0300 [INFO] [org.gradle.launcher.daemon.server.Daemon] start() called on daemon - DefaultDaemonContext[uid=e4501aee-d084-431a-842e-ee5e54a5da24,javaHome=C:\Users\pietro58187526\AppData\Local\Programs\Eclipse Adoptium\jdk-17.0.20.101-hotspot,daemonRegistryDir=C:\Users\pietro58187526\Documents\GitHub\QuantoTa\backend\.gradle-user\daemon,pid=96044,idleTimeout=10800000,priority=NORMAL,applyInstrumentationAgent=true,daemonOpts=--add-opens=java.base/java.util=ALL-UNNAMED,--add-opens=java.base/java.lang=ALL-UNNAMED,--add-opens=java.base/java.lang.invoke=ALL-UNNAMED,--add-opens=java.prefs/java.util.prefs=ALL-UNNAMED,--add-opens=java.base/java.nio.charset=ALL-UNNAMED,--add-opens=java.base/java.net=ALL-UNNAMED,--add-opens=java.base/java.util.concurrent.atomic=ALL-UNNAMED,-XX:MaxMetaspaceSize=384m,-XX:+HeapDumpOnOutOfMemoryError,-Xms256m,-Xmx512m,-Dfile.encoding=windows-1252,-Duser.country=BR,-Duser.language=pt,-Duser.variant]
2026-08-31T15:09:52.108-0300 [DEBUG] [org.gradle.internal.remote.internal.inet.InetAddresses] Adding IP addresses for network interface Software Loopback Interface 1
2026-08-31T15:09:52.110-0300 [DEBUG] [org.gradle.internal.remote.internal.inet.InetAddresses] Is this a loopback interface? true
2026-08-31T15:09:52.110-0300 [DEBUG] [org.gradle.internal.remote.internal.inet.InetAddresses] Adding loopback address /127.0.0.1
2026-08-31T15:09:52.110-0300 [DEBUG] [org.gradle.internal.remote.internal.inet.InetAddresses] Adding loopback address /0:0:0:0:0:0:0:1
2026-08-31T15:09:52.111-0300 [DEBUG] [org.gradle.internal.remote.internal.inet.InetAddresses] Adding IP addresses for network interface Microsoft 6to4 Adapter
2026-08-31T15:09:52.112-0300 [DEBUG] [org.gradle.internal.remote.internal.inet.InetAddresses] Is this a loopback interface? false
2026-08-31T15:09:52.112-0300 [DEBUG] [org.gradle.internal.remote.internal.inet.InetAddresses] Adding IP addresses for network interface Intel(R) Ethernet Connection (17) I219-LM #2
2026-08-31T15:09:52.114-0300 [DEBUG] [org.gradle.internal.remote.internal.inet.InetAddresses] Is this a loopback interface? false
2026-08-31T15:09:52.114-0300 [DEBUG] [org.gradle.internal.remote.internal.inet.InetAddresses] Adding remote address /10.15.106.37
2026-08-31T15:09:52.114-0300 [DEBUG] [org.gradle.internal.remote.internal.inet.InetAddresses] Adding remote address /fe80:0:0:0:316a:834d:b90c:a26%eth0
2026-08-31T15:09:52.114-0300 [DEBUG] [org.gradle.internal.remote.internal.inet.InetAddresses] Adding IP addresses for network interface Microsoft IP-HTTPS Platform Adapter
2026-08-31T15:09:52.116-0300 [DEBUG] [org.gradle.internal.remote.internal.inet.InetAddresses] Is this a loopback interface? false
2026-08-31T15:09:52.116-0300 [DEBUG] [org.gradle.internal.remote.internal.inet.InetAddresses] Adding IP addresses for network interface WAN Miniport (IPv6)
2026-08-31T15:09:52.117-0300 [DEBUG] [org.gradle.internal.remote.internal.inet.InetAddresses] Is this a loopback interface? false
2026-08-31T15:09:52.117-0300 [DEBUG] [org.gradle.internal.remote.internal.inet.InetAddresses] Adding IP addresses for network interface WAN Miniport (PPTP)
2026-08-31T15:09:52.119-0300 [DEBUG] [org.gradle.internal.remote.internal.inet.InetAddresses] Is this a loopback interface? false
2026-08-31T15:09:52.119-0300 [DEBUG] [org.gradle.internal.remote.internal.inet.InetAddresses] Adding IP addresses for network interface WAN Miniport (IKEv2)
2026-08-31T15:09:52.120-0300 [DEBUG] [org.gradle.internal.remote.internal.inet.InetAddresses] Is this a loopback interface? false
2026-08-31T15:09:52.120-0300 [DEBUG] [org.gradle.internal.remote.internal.inet.InetAddresses] Adding IP addresses for network interface WAN Miniport (Network Monitor)
2026-08-31T15:09:52.122-0300 [DEBUG] [org.gradle.internal.remote.internal.inet.InetAddresses] Is this a loopback interface? false
2026-08-31T15:09:52.122-0300 [DEBUG] [org.gradle.internal.remote.internal.inet.InetAddresses] Adding IP addresses for network interface Microsoft Teredo Tunneling Adapter
2026-08-31T15:09:52.124-0300 [DEBUG] [org.gradle.internal.remote.internal.inet.InetAddresses] Is this a loopback interface? false
2026-08-31T15:09:52.124-0300 [DEBUG] [org.gradle.internal.remote.internal.inet.InetAddresses] Adding IP addresses for network interface Hyper-V Virtual Switch Extension Adapter
2026-08-31T15:09:52.125-0300 [DEBUG] [org.gradle.internal.remote.internal.inet.InetAddresses] Is this a loopback interface? false
2026-08-31T15:09:52.125-0300 [DEBUG] [org.gradle.internal.remote.internal.inet.InetAddresses] Adding IP addresses for network interface Intel(R) Ethernet Connection (17) I219-LM
2026-08-31T15:09:52.127-0300 [DEBUG] [org.gradle.internal.remote.internal.inet.InetAddresses] Is this a loopback interface? false
2026-08-31T15:09:52.127-0300 [DEBUG] [org.gradle.internal.remote.internal.inet.InetAddresses] Adding IP addresses for network interface RAS Async Adapter
2026-08-31T15:09:52.128-0300 [DEBUG] [org.gradle.internal.remote.internal.inet.InetAddresses] Is this a loopback interface? false
2026-08-31T15:09:52.129-0300 [DEBUG] [org.gradle.internal.remote.internal.inet.InetAddresses] Adding IP addresses for network interface WAN Miniport (IP)
2026-08-31T15:09:52.130-0300 [DEBUG] [org.gradle.internal.remote.internal.inet.InetAddresses] Is this a loopback interface? false
2026-08-31T15:09:52.130-0300 [DEBUG] [org.gradle.internal.remote.internal.inet.InetAddresses] Adding IP addresses for network interface WAN Miniport (PPPOE)
2026-08-31T15:09:52.132-0300 [DEBUG] [org.gradle.internal.remote.internal.inet.InetAddresses] Is this a loopback interface? false
2026-08-31T15:09:52.132-0300 [DEBUG] [org.gradle.internal.remote.internal.inet.InetAddresses] Adding IP addresses for network interface Microsoft Kernel Debug Network Adapter
2026-08-31T15:09:52.133-0300 [DEBUG] [org.gradle.internal.remote.internal.inet.InetAddresses] Is this a loopback interface? false
2026-08-31T15:09:52.133-0300 [DEBUG] [org.gradle.internal.remote.internal.inet.InetAddresses] Adding IP addresses for network interface Hyper-V Virtual Switch Extension Adapter-Hyper-V Virtual Switch Extension Filter-0000
2026-08-31T15:09:52.135-0300 [DEBUG] [org.gradle.internal.remote.internal.inet.InetAddresses] Is this a loopback interface? false
2026-08-31T15:09:52.135-0300 [DEBUG] [org.gradle.internal.remote.internal.inet.InetAddresses] Adding IP addresses for network interface VirtualBox Host-Only Ethernet Adapter
2026-08-31T15:09:52.136-0300 [DEBUG] [org.gradle.internal.remote.internal.inet.InetAddresses] Is this a loopback interface? false
2026-08-31T15:09:52.136-0300 [DEBUG] [org.gradle.internal.remote.internal.inet.InetAddresses] Adding IP addresses for network interface WAN Miniport (L2TP)
2026-08-31T15:09:52.138-0300 [DEBUG] [org.gradle.internal.remote.internal.inet.InetAddresses] Is this a loopback interface? false
2026-08-31T15:09:52.138-0300 [DEBUG] [org.gradle.internal.remote.internal.inet.InetAddresses] Adding IP addresses for network interface WAN Miniport (SSTP)
2026-08-31T15:09:52.139-0300 [DEBUG] [org.gradle.internal.remote.internal.inet.InetAddresses] Is this a loopback interface? false
2026-08-31T15:09:52.139-0300 [DEBUG] [org.gradle.internal.remote.internal.inet.InetAddresses] Adding IP addresses for network interface Hyper-V Virtual Ethernet Adapter
2026-08-31T15:09:52.141-0300 [DEBUG] [org.gradle.internal.remote.internal.inet.InetAddresses] Is this a loopback interface? false
2026-08-31T15:09:52.141-0300 [DEBUG] [org.gradle.internal.remote.internal.inet.InetAddresses] Adding remote address /172.19.144.1
2026-08-31T15:09:52.141-0300 [DEBUG] [org.gradle.internal.remote.internal.inet.InetAddresses] Adding remote address /fe80:0:0:0:438d:b2d1:ecf:6ef9%eth9
2026-08-31T15:09:52.141-0300 [DEBUG] [org.gradle.internal.remote.internal.inet.InetAddresses] Adding IP addresses for network interface Hyper-V Virtual Ethernet Adapter-WFP Native MAC Layer LightWeight Filter-0000
2026-08-31T15:09:52.143-0300 [DEBUG] [org.gradle.internal.remote.internal.inet.InetAddresses] Is this a loopback interface? false
2026-08-31T15:09:52.143-0300 [DEBUG] [org.gradle.internal.remote.internal.inet.InetAddresses] Adding IP addresses for network interface Hyper-V Virtual Ethernet Adapter-Trend Micro NDIS 6.0 Filter driver-0000
2026-08-31T15:09:52.145-0300 [DEBUG] [org.gradle.internal.remote.internal.inet.InetAddresses] Is this a loopback interface? false
2026-08-31T15:09:52.145-0300 [DEBUG] [org.gradle.internal.remote.internal.inet.InetAddresses] Adding IP addresses for network interface Hyper-V Virtual Ethernet Adapter-Npcap Packet Driver (NPCAP)-0000
2026-08-31T15:09:52.147-0300 [DEBUG] [org.gradle.internal.remote.internal.inet.InetAddresses] Is this a loopback interface? false
2026-08-31T15:09:52.147-0300 [DEBUG] [org.gradle.internal.remote.internal.inet.InetAddresses] Adding IP addresses for network interface Hyper-V Virtual Ethernet Adapter-VirtualBox NDIS Light-Weight Filter-0000
2026-08-31T15:09:52.148-0300 [DEBUG] [org.gradle.internal.remote.internal.inet.InetAddresses] Is this a loopback interface? false
2026-08-31T15:09:52.148-0300 [DEBUG] [org.gradle.internal.remote.internal.inet.InetAddresses] Adding IP addresses for network interface Hyper-V Virtual Ethernet Adapter-QoS Packet Scheduler-0000
2026-08-31T15:09:52.150-0300 [DEBUG] [org.gradle.internal.remote.internal.inet.InetAddresses] Is this a loopback interface? false
2026-08-31T15:09:52.150-0300 [DEBUG] [org.gradle.internal.remote.internal.inet.InetAddresses] Adding IP addresses for network interface Hyper-V Virtual Ethernet Adapter-WFP 802.3 MAC Layer LightWeight Filter-0000
2026-08-31T15:09:52.151-0300 [DEBUG] [org.gradle.internal.remote.internal.inet.InetAddresses] Is this a loopback interface? false
2026-08-31T15:09:52.151-0300 [DEBUG] [org.gradle.internal.remote.internal.inet.InetAddresses] Adding IP addresses for network interface Intel(R) Ethernet Connection (17) I219-LM #2-WFP Native MAC Layer LightWeight Filter-0000
2026-08-31T15:09:52.153-0300 [DEBUG] [org.gradle.internal.remote.internal.inet.InetAddresses] Is this a loopback interface? false
2026-08-31T15:09:52.153-0300 [DEBUG] [org.gradle.internal.remote.internal.inet.InetAddresses] Adding IP addresses for network interface Intel(R) Ethernet Connection (17) I219-LM #2-Trend Micro NDIS 6.0 Filter driver-0000
2026-08-31T15:09:52.155-0300 [DEBUG] [org.gradle.internal.remote.internal.inet.InetAddresses] Is this a loopback interface? false
2026-08-31T15:09:52.155-0300 [DEBUG] [org.gradle.internal.remote.internal.inet.InetAddresses] Adding IP addresses for network interface Intel(R) Ethernet Connection (17) I219-LM #2-Npcap Packet Driver (NPCAP)-0000
2026-08-31T15:09:52.156-0300 [DEBUG] [org.gradle.internal.remote.internal.inet.InetAddresses] Is this a loopback interface? false
2026-08-31T15:09:52.156-0300 [DEBUG] [org.gradle.internal.remote.internal.inet.InetAddresses] Adding IP addresses for network interface Intel(R) Ethernet Connection (17) I219-LM #2-VirtualBox NDIS Light-Weight Filter-0000
2026-08-31T15:09:52.157-0300 [DEBUG] [org.gradle.internal.remote.internal.inet.InetAddresses] Is this a loopback interface? false
2026-08-31T15:09:52.157-0300 [DEBUG] [org.gradle.internal.remote.internal.inet.InetAddresses] Adding IP addresses for network interface Intel(R) Ethernet Connection (17) I219-LM #2-QoS Packet Scheduler-0000
2026-08-31T15:09:52.159-0300 [DEBUG] [org.gradle.internal.remote.internal.inet.InetAddresses] Is this a loopback interface? false
2026-08-31T15:09:52.159-0300 [DEBUG] [org.gradle.internal.remote.internal.inet.InetAddresses] Adding IP addresses for network interface Intel(R) Ethernet Connection (17) I219-LM #2-WFP 802.3 MAC Layer LightWeight Filter-0000
2026-08-31T15:09:52.160-0300 [DEBUG] [org.gradle.internal.remote.internal.inet.InetAddresses] Is this a loopback interface? false
2026-08-31T15:09:52.160-0300 [DEBUG] [org.gradle.internal.remote.internal.inet.InetAddresses] Adding IP addresses for network interface WAN Miniport (IP)-WFP Native MAC Layer LightWeight Filter-0000
2026-08-31T15:09:52.162-0300 [DEBUG] [org.gradle.internal.remote.internal.inet.InetAddresses] Is this a loopback interface? false
2026-08-31T15:09:52.162-0300 [DEBUG] [org.gradle.internal.remote.internal.inet.InetAddresses] Adding IP addresses for network interface WAN Miniport (IP)-Trend Micro NDIS 6.0 Filter driver-0000
2026-08-31T15:09:52.163-0300 [DEBUG] [org.gradle.internal.remote.internal.inet.InetAddresses] Is this a loopback interface? false
2026-08-31T15:09:52.163-0300 [DEBUG] [org.gradle.internal.remote.internal.inet.InetAddresses] Adding IP addresses for network interface WAN Miniport (IP)-Npcap Packet Driver (NPCAP)-0000
2026-08-31T15:09:52.165-0300 [DEBUG] [org.gradle.internal.remote.internal.inet.InetAddresses] Is this a loopback interface? false
2026-08-31T15:09:52.165-0300 [DEBUG] [org.gradle.internal.remote.internal.inet.InetAddresses] Adding IP addresses for network interface WAN Miniport (IP)-QoS Packet Scheduler-0000
2026-08-31T15:09:52.166-0300 [DEBUG] [org.gradle.internal.remote.internal.inet.InetAddresses] Is this a loopback interface? false
2026-08-31T15:09:52.166-0300 [DEBUG] [org.gradle.internal.remote.internal.inet.InetAddresses] Adding IP addresses for network interface WAN Miniport (IPv6)-WFP Native MAC Layer LightWeight Filter-0000
2026-08-31T15:09:52.167-0300 [DEBUG] [org.gradle.internal.remote.internal.inet.InetAddresses] Is this a loopback interface? false
2026-08-31T15:09:52.167-0300 [DEBUG] [org.gradle.internal.remote.internal.inet.InetAddresses] Adding IP addresses for network interface WAN Miniport (IPv6)-Trend Micro NDIS 6.0 Filter driver-0000
2026-08-31T15:09:52.169-0300 [DEBUG] [org.gradle.internal.remote.internal.inet.InetAddresses] Is this a loopback interface? false
2026-08-31T15:09:52.169-0300 [DEBUG] [org.gradle.internal.remote.internal.inet.InetAddresses] Adding IP addresses for network interface WAN Miniport (IPv6)-Npcap Packet Driver (NPCAP)-0000
2026-08-31T15:09:52.171-0300 [DEBUG] [org.gradle.internal.remote.internal.inet.InetAddresses] Is this a loopback interface? false
2026-08-31T15:09:52.171-0300 [DEBUG] [org.gradle.internal.remote.internal.inet.InetAddresses] Adding IP addresses for network interface WAN Miniport (IPv6)-QoS Packet Scheduler-0000
2026-08-31T15:09:52.172-0300 [DEBUG] [org.gradle.internal.remote.internal.inet.InetAddresses] Is this a loopback interface? false
2026-08-31T15:09:52.172-0300 [DEBUG] [org.gradle.internal.remote.internal.inet.InetAddresses] Adding IP addresses for network interface WAN Miniport (Network Monitor)-WFP Native MAC Layer LightWeight Filter-0000
2026-08-31T15:09:52.173-0300 [DEBUG] [org.gradle.internal.remote.internal.inet.InetAddresses] Is this a loopback interface? false
2026-08-31T15:09:52.173-0300 [DEBUG] [org.gradle.internal.remote.internal.inet.InetAddresses] Adding IP addresses for network interface WAN Miniport (Network Monitor)-Trend Micro NDIS 6.0 Filter driver-0000
2026-08-31T15:09:52.175-0300 [DEBUG] [org.gradle.internal.remote.internal.inet.InetAddresses] Is this a loopback interface? false
2026-08-31T15:09:52.175-0300 [DEBUG] [org.gradle.internal.remote.internal.inet.InetAddresses] Adding IP addresses for network interface WAN Miniport (Network Monitor)-Npcap Packet Driver (NPCAP)-0000
2026-08-31T15:09:52.176-0300 [DEBUG] [org.gradle.internal.remote.internal.inet.InetAddresses] Is this a loopback interface? false
2026-08-31T15:09:52.176-0300 [DEBUG] [org.gradle.internal.remote.internal.inet.InetAddresses] Adding IP addresses for network interface WAN Miniport (Network Monitor)-QoS Packet Scheduler-0000
2026-08-31T15:09:52.177-0300 [DEBUG] [org.gradle.internal.remote.internal.inet.InetAddresses] Is this a loopback interface? false
2026-08-31T15:09:52.178-0300 [DEBUG] [org.gradle.internal.remote.internal.inet.InetAddresses] Adding IP addresses for network interface Hyper-V Virtual Switch Extension Adapter #2
2026-08-31T15:09:52.179-0300 [DEBUG] [org.gradle.internal.remote.internal.inet.InetAddresses] Is this a loopback interface? false
2026-08-31T15:09:52.179-0300 [DEBUG] [org.gradle.internal.remote.internal.inet.InetAddresses] Adding IP addresses for network interface Hyper-V Virtual Switch Extension Adapter #2-Hyper-V Virtual Switch Extension Filter-0000
2026-08-31T15:09:52.180-0300 [DEBUG] [org.gradle.internal.remote.internal.inet.InetAddresses] Is this a loopback interface? false
2026-08-31T15:09:52.180-0300 [DEBUG] [org.gradle.internal.remote.internal.inet.InetAddresses] Adding IP addresses for network interface Hyper-V Virtual Switch Extension Adapter #2-Virtual Filtering Platform VMSwitch Extension-0000
2026-08-31T15:09:52.182-0300 [DEBUG] [org.gradle.internal.remote.internal.inet.InetAddresses] Is this a loopback interface? false
2026-08-31T15:09:52.182-0300 [DEBUG] [org.gradle.internal.remote.internal.inet.InetAddresses] Adding IP addresses for network interface Hyper-V Virtual Ethernet Adapter #2
2026-08-31T15:09:52.183-0300 [DEBUG] [org.gradle.internal.remote.internal.inet.InetAddresses] Is this a loopback interface? false
2026-08-31T15:09:52.183-0300 [DEBUG] [org.gradle.internal.remote.internal.inet.InetAddresses] Adding remote address /172.27.32.1
2026-08-31T15:09:52.183-0300 [DEBUG] [org.gradle.internal.remote.internal.inet.InetAddresses] Adding remote address /fe80:0:0:0:5c0b:3fb9:4333:ba13%eth37
2026-08-31T15:09:52.183-0300 [DEBUG] [org.gradle.internal.remote.internal.inet.InetAddresses] Adding IP addresses for network interface Hyper-V Virtual Ethernet Adapter #2-WFP Native MAC Layer LightWeight Filter-0000
2026-08-31T15:09:52.185-0300 [DEBUG] [org.gradle.internal.remote.internal.inet.InetAddresses] Is this a loopback interface? false
2026-08-31T15:09:52.185-0300 [DEBUG] [org.gradle.internal.remote.internal.inet.InetAddresses] Adding IP addresses for network interface Hyper-V Virtual Ethernet Adapter #2-Trend Micro NDIS 6.0 Filter driver-0000
2026-08-31T15:09:52.186-0300 [DEBUG] [org.gradle.internal.remote.internal.inet.InetAddresses] Is this a loopback interface? false
2026-08-31T15:09:52.186-0300 [DEBUG] [org.gradle.internal.remote.internal.inet.InetAddresses] Adding IP addresses for network interface Hyper-V Virtual Ethernet Adapter #2-Npcap Packet Driver (NPCAP)-0000
2026-08-31T15:09:52.188-0300 [DEBUG] [org.gradle.internal.remote.internal.inet.InetAddresses] Is this a loopback interface? false
2026-08-31T15:09:52.188-0300 [DEBUG] [org.gradle.internal.remote.internal.inet.InetAddresses] Adding IP addresses for network interface Hyper-V Virtual Ethernet Adapter #2-VirtualBox NDIS Light-Weight Filter-0000
2026-08-31T15:09:52.189-0300 [DEBUG] [org.gradle.internal.remote.internal.inet.InetAddresses] Is this a loopback interface? false
2026-08-31T15:09:52.189-0300 [DEBUG] [org.gradle.internal.remote.internal.inet.InetAddresses] Adding IP addresses for network interface Hyper-V Virtual Ethernet Adapter #2-QoS Packet Scheduler-0000
2026-08-31T15:09:52.191-0300 [DEBUG] [org.gradle.internal.remote.internal.inet.InetAddresses] Is this a loopback interface? false
2026-08-31T15:09:52.191-0300 [DEBUG] [org.gradle.internal.remote.internal.inet.InetAddresses] Adding IP addresses for network interface Hyper-V Virtual Ethernet Adapter #2-WFP 802.3 MAC Layer LightWeight Filter-0000
2026-08-31T15:09:52.192-0300 [DEBUG] [org.gradle.internal.remote.internal.inet.InetAddresses] Is this a loopback interface? false
2026-08-31T15:09:52.202-0300 [DEBUG] [org.gradle.internal.remote.internal.inet.TcpIncomingConnector] Listening on [bd812364-beb2-4b3e-8cd9-5a3a1936bc70 port:28418, addresses:[localhost/127.0.0.1]].
2026-08-31T15:09:52.213-0300 [DEBUG] [org.gradle.launcher.daemon.server.Daemon] Daemon starting at: Mon Aug 31 15:09:52 BRT 2026, with address: [bd812364-beb2-4b3e-8cd9-5a3a1936bc70 port:28418, addresses:[localhost/127.0.0.1]]
2026-08-31T15:09:52.213-0300 [INFO] [org.gradle.launcher.daemon.server.DaemonRegistryUpdater] Advertising the daemon address to the clients: [bd812364-beb2-4b3e-8cd9-5a3a1936bc70 port:28418, addresses:[localhost/127.0.0.1]]
2026-08-31T15:09:52.213-0300 [DEBUG] [org.gradle.launcher.daemon.server.DaemonRegistryUpdater] Advertised daemon context: DefaultDaemonContext[uid=e4501aee-d084-431a-842e-ee5e54a5da24,javaHome=C:\Users\pietro58187526\AppData\Local\Programs\Eclipse Adoptium\jdk-17.0.20.101-hotspot,daemonRegistryDir=C:\Users\pietro58187526\Documents\GitHub\QuantoTa\backend\.gradle-user\daemon,pid=96044,idleTimeout=10800000,priority=NORMAL,applyInstrumentationAgent=true,daemonOpts=--add-opens=java.base/java.util=ALL-UNNAMED,--add-opens=java.base/java.lang=ALL-UNNAMED,--add-opens=java.base/java.lang.invoke=ALL-UNNAMED,--add-opens=java.prefs/java.util.prefs=ALL-UNNAMED,--add-opens=java.base/java.nio.charset=ALL-UNNAMED,--add-opens=java.base/java.net=ALL-UNNAMED,--add-opens=java.base/java.util.concurrent.atomic=ALL-UNNAMED,-XX:MaxMetaspaceSize=384m,-XX:+HeapDumpOnOutOfMemoryError,-Xms256m,-Xmx512m,-Dfile.encoding=windows-1252,-Duser.country=BR,-Duser.language=pt,-Duser.variant]
2026-08-31T15:09:52.214-0300 [DEBUG] [org.gradle.launcher.daemon.registry.PersistentDaemonRegistry] Storing daemon address: [bd812364-beb2-4b3e-8cd9-5a3a1936bc70 port:28418, addresses:[localhost/127.0.0.1]], context: DefaultDaemonContext[uid=e4501aee-d084-431a-842e-ee5e54a5da24,javaHome=C:\Users\pietro58187526\AppData\Local\Programs\Eclipse Adoptium\jdk-17.0.20.101-hotspot,daemonRegistryDir=C:\Users\pietro58187526\Documents\GitHub\QuantoTa\backend\.gradle-user\daemon,pid=96044,idleTimeout=10800000,priority=NORMAL,applyInstrumentationAgent=true,daemonOpts=--add-opens=java.base/java.util=ALL-UNNAMED,--add-opens=java.base/java.lang=ALL-UNNAMED,--add-opens=java.base/java.lang.invoke=ALL-UNNAMED,--add-opens=java.prefs/java.util.prefs=ALL-UNNAMED,--add-opens=java.base/java.nio.charset=ALL-UNNAMED,--add-opens=java.base/java.net=ALL-UNNAMED,--add-opens=java.base/java.util.concurrent.atomic=ALL-UNNAMED,-XX:MaxMetaspaceSize=384m,-XX:+HeapDumpOnOutOfMemoryError,-Xms256m,-Xmx512m,-Dfile.encoding=windows-1252,-Duser.country=BR,-Duser.language=pt,-Duser.variant]
2026-08-31T15:09:52.224-0300 [DEBUG] [org.gradle.cache.internal.DefaultFileLockManager] Waiting to acquire exclusive lock on daemon addresses registry.
2026-08-31T15:09:52.226-0300 [DEBUG] [org.gradle.cache.internal.DefaultFileLockManager] Lock acquired on daemon addresses registry.
2026-08-31T15:09:52.233-0300 [DEBUG] [org.gradle.cache.internal.DefaultFileLockManager] Releasing lock on daemon addresses registry.
2026-08-31T15:09:52.235-0300 [LIFECYCLE] [org.gradle.launcher.daemon.server.Daemon] Daemon server started.
2026-08-31T15:09:52.236-0300 [DEBUG] [org.gradle.launcher.daemon.bootstrap.DaemonStartupCommunication] Completed writing the daemon greeting. Closing streams...
2026-08-31T15:09:52.249-0300 [DEBUG] [org.gradle.internal.remote.internal.inet.TcpIncomingConnector] Accepted connection from /127.0.0.1:28419 to /127.0.0.1:28418.
2026-08-31T15:09:52.251-0300 [DEBUG] [org.gradle.launcher.daemon.server.Daemon] stopOnExpiration() called on daemon
2026-08-31T15:09:52.252-0300 [DEBUG] [org.gradle.launcher.daemon.server.Daemon] awaitExpiration() called on daemon
2026-08-31T15:09:52.252-0300 [DEBUG] [org.gradle.launcher.daemon.server.DaemonStateCoordinator] daemon is running. Sleeping until state changes.
2026-08-31T15:09:52.336-0300 [DEBUG] [org.gradle.launcher.daemon.server.SynchronizedDispatchConnection] thread 30: received class org.gradle.launcher.daemon.protocol.Build
2026-08-31T15:09:52.336-0300 [DEBUG] [org.gradle.launcher.daemon.server.DefaultDaemonConnection] thread 30: Received non-IO message from client: Build{id=b9955290-9db3-4e6c-b786-d230f3d4b51f, currentDir=C:\Users\pietro58187526\Documents\GitHub\QuantoTa\backend}
2026-08-31T15:09:52.336-0300 [INFO] [org.gradle.launcher.daemon.server.DefaultIncomingConnectionHandler] Received command: Build{id=b9955290-9db3-4e6c-b786-d230f3d4b51f, currentDir=C:\Users\pietro58187526\Documents\GitHub\QuantoTa\backend}.
2026-08-31T15:09:52.336-0300 [DEBUG] [org.gradle.launcher.daemon.server.DefaultIncomingConnectionHandler] Starting executing command: Build{id=b9955290-9db3-4e6c-b786-d230f3d4b51f, currentDir=C:\Users\pietro58187526\Documents\GitHub\QuantoTa\backend} with connection: socket connection from /127.0.0.1:28418 to /127.0.0.1:28419.
2026-08-31T15:09:52.338-0300 [DEBUG] [org.gradle.launcher.daemon.server.DaemonStateCoordinator] Command execution: started DaemonCommandExecution[command = Build{id=b9955290-9db3-4e6c-b786-d230f3d4b51f, currentDir=C:\Users\pietro58187526\Documents\GitHub\QuantoTa\backend}, connection = DefaultDaemonConnection: socket connection from /127.0.0.1:28418 to /127.0.0.1:28419] after 0.0 minutes of idle
2026-08-31T15:09:52.338-0300 [INFO] [org.gradle.launcher.daemon.server.DaemonRegistryUpdater] Marking the daemon as busy, address: [bd812364-beb2-4b3e-8cd9-5a3a1936bc70 port:28418, addresses:[localhost/127.0.0.1]]
2026-08-31T15:09:52.338-0300 [DEBUG] [org.gradle.launcher.daemon.registry.PersistentDaemonRegistry] Marking busy by address: [bd812364-beb2-4b3e-8cd9-5a3a1936bc70 port:28418, addresses:[localhost/127.0.0.1]]
2026-08-31T15:09:52.340-0300 [DEBUG] [org.gradle.cache.internal.DefaultFileLockManager] Waiting to acquire exclusive lock on daemon addresses registry.
2026-08-31T15:09:52.341-0300 [DEBUG] [org.gradle.cache.internal.DefaultFileLockManager] Lock acquired on daemon addresses registry.
2026-08-31T15:09:52.345-0300 [DEBUG] [org.gradle.cache.internal.DefaultFileLockManager] Releasing lock on daemon addresses registry.
2026-08-31T15:09:52.347-0300 [DEBUG] [org.gradle.launcher.daemon.server.DaemonStateCoordinator] resetting idle timer
2026-08-31T15:09:52.347-0300 [DEBUG] [org.gradle.launcher.daemon.server.DaemonStateCoordinator] daemon is running. Sleeping until state changes.
2026-08-31T15:09:52.348-0300 [INFO] [org.gradle.launcher.daemon.server.exec.StartBuildOrRespondWithBusy] Daemon is about to start building Build{id=b9955290-9db3-4e6c-b786-d230f3d4b51f, currentDir=C:\Users\pietro58187526\Documents\GitHub\QuantoTa\backend}. Dispatching build started information...
2026-08-31T15:09:52.348-0300 [DEBUG] [org.gradle.launcher.daemon.server.SynchronizedDispatchConnection] thread 32: dispatching org.gradle.launcher.daemon.protocol.BuildStarted@bee029
2026-08-31T15:09:52.350-0300 [DEBUG] [org.gradle.launcher.daemon.server.exec.EstablishBuildEnvironment] Configuring env variables: [PATH, npm_lifecycle_script, SESSIONNAME, ALLUSERSPROFILE, VSCODE_PID, SystemDrive, GH_PAGER, PT8HOME, COLORTERM, INIT_CWD, DIRNAME, USERNAME, ProgramFiles(x86), VSCODE_NLS_CONFIG, FPS_BROWSER_USER_PROFILE_STRING, DEFAULT_JVM_OPTS, PATHEXT, DriverData, NODE, PAGER, npm_node_execpath, HOMEPATH, EFC_90212_3789132940, LC_ALL, PROCESSOR_IDENTIFIER, ProgramFiles, PUBLIC, npm_config_cache, windir, LC_CTYPE, CODEX_SESSION_ID, ZES_ENABLE_SYSMAN, npm_config_node_gyp, EFC_90212_2775293581, MSMPI_BIN, FPS_BROWSER_APP_PROFILE_STRING, JAVA_HOME, npm_command, PROMPT, RUST_LOG, TERM, OneDrive, =C:, APPDATA, GRADLE_USER_HOME, JAVA_EXE, ChocolateyInstall, CODEX_THREAD_ID, npm_config_userconfig, VSCODE_CWD, EFC_90212_2946480783, COMPUTERNAME, VSCODE_ESM_ENTRYPOINT, npm_config_user_agent, ComSpec, npm_package_name, APP_BASE_NAME, npm_config_global_prefix, HOMEDRIVE, NUMBER_OF_PROCESSORS, VSCODE_IPC_HOOK, LOCAL_GIT_DIRECTORY, USERDOMAIN_ROAMINGPROFILE, npm_config_npm_version, PROCESSOR_LEVEL, GIT_PAGER, PROCESSOR_ARCHITECTURE, PSModulePath, SPRING_DATASOURCE_PASSWORD, COLOR, npm_lifecycle_event, USERDNSDOMAIN, CHROME_CRASHPAD_PIPE_NAME, CODEX_INTERNAL_ORIGINATOR_OVERRIDE, npm_package_version, APP_HOME, CODEX_SANDBOX_NETWORK_DISABLED, npm_config_noproxy, VSCODE_CRASH_REPORTER_PROCESS_TYPE, npm_config_prefix, CODEX_PERMISSION_PROFILE, npm_config_init_module, VSCODE_CODE_CACHE_PATH, ProgramData, ProgramW6432, EFC_90212_4126798990, __PSLockDownPolicy, MSMPI_BENCHMARKS, npm_package_json, EFC_90212_2283032206, IGCCSVC_DB, LOCALAPPDATA, USERDOMAIN, VSCODE_HANDLES_UNCAUGHT_ERRORS, LOGONSERVER, LANG, EFC_90212_1592913036, ELECTRON_RUN_AS_NODE, npm_execpath, NO_COLOR, SUPABASE_DB_PASSWORD, VBOX_MSI_INSTALL_PATH, CODEX_CI, CommonProgramFiles, npm_config_local_prefix, npm_config_globalconfig, OS, PROCESSOR_REVISION, CLASSPATH, CommonProgramW6432, DEBUG, EDITOR, SystemRoot, TEMP, USERPROFILE, EFC_90212_1262719628, TMP, CommonProgramFiles(x86), HOME]
2026-08-31T15:09:52.350-0300 [DEBUG] [org.gradle.launcher.daemon.server.SynchronizedDispatchConnection] thread 30: received class org.gradle.launcher.daemon.protocol.CloseInput
2026-08-31T15:09:52.351-0300 [DEBUG] [org.gradle.launcher.daemon.server.DefaultDaemonConnection] thread 30: Received IO message from client: org.gradle.launcher.daemon.protocol.CloseInput@33e67ef9
2026-08-31T15:09:52.354-0300 [DEBUG] [org.gradle.launcher.daemon.server.exec.LogToClient] About to start relaying all logs to the client via the connection.
2026-08-31T15:09:52.354-0300 [INFO] [org.gradle.launcher.daemon.server.exec.LogToClient] The client will now receive all logging from the daemon (pid: 96044). The daemon log file: C:\Users\pietro58187526\Documents\GitHub\QuantoTa\backend\.gradle-user\daemon\8.2\daemon-96044.out.log
2026-08-31T15:09:52.355-0300 [INFO] [org.gradle.launcher.daemon.server.exec.LogAndCheckHealth] Starting build in new daemon [memory: 512 MiB]
2026-08-31T15:09:52.356-0300 [INFO] [org.gradle.launcher.daemon.server.exec.ForwardClientInput] Closing daemon's stdin at end of input.
2026-08-31T15:09:52.356-0300 [INFO] [org.gradle.launcher.daemon.server.exec.ForwardClientInput] The daemon will no longer process any standard input.
2026-08-31T15:09:52.357-0300 [DEBUG] [org.gradle.launcher.daemon.server.exec.ExecuteBuild] The daemon has started executing the build.
2026-08-31T15:09:52.357-0300 [DEBUG] [org.gradle.launcher.daemon.server.exec.ExecuteBuild] Executing build with daemon context: DefaultDaemonContext[uid=e4501aee-d084-431a-842e-ee5e54a5da24,javaHome=C:\Users\pietro58187526\AppData\Local\Programs\Eclipse Adoptium\jdk-17.0.20.101-hotspot,daemonRegistryDir=C:\Users\pietro58187526\Documents\GitHub\QuantoTa\backend\.gradle-user\daemon,pid=96044,idleTimeout=10800000,priority=NORMAL,applyInstrumentationAgent=true,daemonOpts=--add-opens=java.base/java.util=ALL-UNNAMED,--add-opens=java.base/java.lang=ALL-UNNAMED,--add-opens=java.base/java.lang.invoke=ALL-UNNAMED,--add-opens=java.prefs/java.util.prefs=ALL-UNNAMED,--add-opens=java.base/java.nio.charset=ALL-UNNAMED,--add-opens=java.base/java.net=ALL-UNNAMED,--add-opens=java.base/java.util.concurrent.atomic=ALL-UNNAMED,-XX:MaxMetaspaceSize=384m,-XX:+HeapDumpOnOutOfMemoryError,-Xms256m,-Xmx512m,-Dfile.encoding=windows-1252,-Duser.country=BR,-Duser.language=pt,-Duser.variant]

  .   ____          _            __ _ _
 /\\ / ___'_ __ _ _(_)_ __  __ _ \ \ \ \
( ( )\___ | '_ | '_| | '_ \/ _` | \ \ \ \
 \\/  ___)| |_)| | | | | || (_| |  ) ) ) )
  '  |____| .__|_| |_|_| |_\__, | / / / /
 =========|_|==============|___/=/_/_/_/

 :: Spring Boot ::                (v3.3.5)

2026-08-31T15:10:26.581-03:00  INFO 82908 --- [quantota] [           main] br.com.quantota.QuantotaApplication      : Starting QuantotaApplication using Java 17.0.20.1 with PID 82908 (C:\Users\pietro58187526\Documents\GitHub\QuantoTa\backend\build\classes\java\main started by pietro58187526 in C:\Users\pietro58187526\Documents\GitHub\QuantoTa\backend)
2026-08-31T15:10:26.583-03:00  INFO 82908 --- [quantota] [           main] br.com.quantota.QuantotaApplication      : No active profile set, falling back to 1 default profile: "default"
2026-08-31T15:10:26.584-03:00 DEBUG 82908 --- [quantota] [           main] o.s.boot.SpringApplication               : Loading source class br.com.quantota.QuantotaApplication
2026-08-31T15:10:26.608-03:00 DEBUG 82908 --- [quantota] [           main] ConfigServletWebServerApplicationContext : Refreshing org.springframework.boot.web.servlet.context.AnnotationConfigServletWebServerApplicationContext@5c7bfdc1
2026-08-31T15:10:27.061-03:00  INFO 82908 --- [quantota] [           main] .s.d.r.c.RepositoryConfigurationDelegate : Bootstrapping Spring Data JPA repositories in DEFAULT mode.
2026-08-31T15:10:27.071-03:00 DEBUG 82908 --- [quantota] [           main] o.s.b.a.AutoConfigurationPackages        : @EnableAutoConfiguration was declared on a class in the package 'br.com.quantota'. Automatic @Repository and @Entity scanning is enabled.
2026-08-31T15:10:27.131-03:00  INFO 82908 --- [quantota] [           main] .s.d.r.c.RepositoryConfigurationDelegate : Finished Spring Data repository scanning in 65 ms. Found 6 JPA repository interfaces.
2026-08-31T15:10:27.483-03:00 DEBUG 82908 --- [quantota] [           main] .s.b.w.e.t.TomcatServletWebServerFactory : Code archive: C:\Users\pietro58187526\Documents\GitHub\QuantoTa\backend\.gradle-user\caches\modules-2\files-2.1\org.springframework.boot\spring-boot\3.3.5\1a0d1dc425d445503bd01c9aa3683aaebc524e3b\spring-boot-3.3.5.jar
2026-08-31T15:10:27.484-03:00 DEBUG 82908 --- [quantota] [           main] .s.b.w.e.t.TomcatServletWebServerFactory : Code archive: C:\Users\pietro58187526\Documents\GitHub\QuantoTa\backend\.gradle-user\caches\modules-2\files-2.1\org.springframework.boot\spring-boot\3.3.5\1a0d1dc425d445503bd01c9aa3683aaebc524e3b\spring-boot-3.3.5.jar
2026-08-31T15:10:27.484-03:00 DEBUG 82908 --- [quantota] [           main] .s.b.w.e.t.TomcatServletWebServerFactory : None of the document roots [src/main/webapp, public, static] point to a directory and will be ignored.
2026-08-31T15:10:27.497-03:00  INFO 82908 --- [quantota] [           main] o.s.b.w.embedded.tomcat.TomcatWebServer  : Tomcat initialized with port 8080 (http)
2026-08-31T15:10:27.505-03:00  INFO 82908 --- [quantota] [           main] o.apache.catalina.core.StandardService   : Starting service [Tomcat]
2026-08-31T15:10:27.505-03:00  INFO 82908 --- [quantota] [           main] o.apache.catalina.core.StandardEngine    : Starting Servlet engine: [Apache Tomcat/10.1.31]
2026-08-31T15:10:27.568-03:00  INFO 82908 --- [quantota] [           main] o.a.c.c.C.[Tomcat].[localhost].[/]       : Initializing Spring embedded WebApplicationContext
2026-08-31T15:10:27.568-03:00 DEBUG 82908 --- [quantota] [           main] w.s.c.ServletWebServerApplicationContext : Published root WebApplicationContext as ServletContext attribute with name [org.springframework.web.context.WebApplicationContext.ROOT]
2026-08-31T15:10:27.569-03:00  INFO 82908 --- [quantota] [           main] w.s.c.ServletWebServerApplicationContext : Root WebApplicationContext: initialization completed in 960 ms
2026-08-31T15:10:27.586-03:00 DEBUG 82908 --- [quantota] [           main] o.s.b.w.s.ServletContextInitializerBeans : Mapping filters: springSecurityFilterChain urls=[/*] order=-100, characterEncodingFilter urls=[/*] order=-2147483648, formContentFilter urls=[/*] order=-9900, requestContextFilter urls=[/*] order=-105, jwtAuthenticationFilter urls=[/*] order=2147483647
2026-08-31T15:10:27.586-03:00 DEBUG 82908 --- [quantota] [           main] o.s.b.w.s.ServletContextInitializerBeans : Mapping servlets: dispatcherServlet urls=[/]
2026-08-31T15:10:27.599-03:00 DEBUG 82908 --- [quantota] [           main] o.s.b.w.s.f.OrderedRequestContextFilter  : Filter 'requestContextFilter' configured for use
2026-08-31T15:10:27.601-03:00 DEBUG 82908 --- [quantota] [           main] s.b.w.s.f.OrderedCharacterEncodingFilter : Filter 'characterEncodingFilter' configured for use
2026-08-31T15:10:27.601-03:00 DEBUG 82908 --- [quantota] [           main] .DelegatingFilterProxyRegistrationBean$1 : Filter 'springSecurityFilterChain' configured for use
2026-08-31T15:10:27.601-03:00 DEBUG 82908 --- [quantota] [           main] o.s.b.w.s.f.OrderedFormContentFilter     : Filter 'formContentFilter' configured for use
2026-08-31T15:10:27.656-03:00  INFO 82908 --- [quantota] [           main] o.hibernate.jpa.internal.util.LogHelper  : HHH000204: Processing PersistenceUnitInfo [name: default]
2026-08-31T15:10:27.686-03:00  INFO 82908 --- [quantota] [           main] org.hibernate.Version                    : HHH000412: Hibernate ORM core version 6.5.3.Final
2026-08-31T15:10:27.704-03:00  INFO 82908 --- [quantota] [           main] o.h.c.internal.RegionFactoryInitiator    : HHH000026: Second-level cache disabled
2026-08-31T15:10:27.874-03:00  INFO 82908 --- [quantota] [           main] o.s.o.j.p.SpringPersistenceUnitInfo      : No LoadTimeWeaver setup: ignoring JPA class transformer
2026-08-31T15:10:27.892-03:00  INFO 82908 --- [quantota] [           main] com.zaxxer.hikari.HikariDataSource       : HikariPool-1 - Starting...
2026-08-31T15:10:30.653-03:00  INFO 82908 --- [quantota] [           main] com.zaxxer.hikari.pool.HikariPool        : HikariPool-1 - Added connection org.postgresql.jdbc.PgConnection@8851ec
2026-08-31T15:10:30.654-03:00  INFO 82908 --- [quantota] [           main] com.zaxxer.hikari.HikariDataSource       : HikariPool-1 - Start completed.
2026-08-31T15:10:32.634-03:00  INFO 82908 --- [quantota] [           main] o.h.e.t.j.p.i.JtaPlatformInitiator       : HHH000489: No JTA platform available (set 'hibernate.transaction.jta.platform' to enable JTA platform integration)
2026-08-31T15:10:43.235-03:00  INFO 82908 --- [quantota] [           main] j.LocalContainerEntityManagerFactoryBean : Initialized JPA EntityManagerFactory for persistence unit 'default'
2026-08-31T15:10:43.437-03:00  INFO 82908 --- [quantota] [           main] o.s.d.j.r.query.QueryEnhancerFactory     : Hibernate is in classpath; If applicable, HQL parser will be used.
2026-08-31T15:10:43.632-03:00  WARN 82908 --- [quantota] [           main] .s.s.UserDetailsServiceAutoConfiguration : 

Using generated security password: 25edce13-8b4b-4269-89f2-4218d97687fc

This generated password is for development use only. Your security configuration must be updated before running your application in production.

2026-08-31T15:10:43.636-03:00  INFO 82908 --- [quantota] [           main] r$InitializeUserDetailsManagerConfigurer : Global AuthenticationManager configured with UserDetailsService bean with name inMemoryUserDetailsManager
2026-08-31T15:10:43.703-03:00 DEBUG 82908 --- [quantota] [           main] s.w.s.m.m.a.RequestMappingHandlerMapping : 27 mappings in 'requestMappingHandlerMapping'
2026-08-31T15:10:43.742-03:00 DEBUG 82908 --- [quantota] [           main] o.s.w.s.handler.SimpleUrlHandlerMapping  : Patterns [/webjars/**, /**] in 'resourceHandlerMapping'
2026-08-31T15:10:43.789-03:00 DEBUG 82908 --- [quantota] [           main] s.w.s.m.m.a.RequestMappingHandlerAdapter : ControllerAdvice beans: 0 @ModelAttribute, 0 @InitBinder, 1 RequestBodyAdvice, 1 ResponseBodyAdvice
2026-08-31T15:10:43.806-03:00 DEBUG 82908 --- [quantota] [           main] .m.m.a.ExceptionHandlerExceptionResolver : ControllerAdvice beans: 0 @ExceptionHandler, 1 ResponseBodyAdvice
2026-08-31T15:10:43.947-03:00  INFO 82908 --- [quantota] [           main] o.s.b.w.embedded.tomcat.TomcatWebServer  : Tomcat started on port 8080 (http) with context path '/'
2026-08-31T15:10:43.965-03:00 DEBUG 82908 --- [quantota] [           main] .s.b.a.l.ConditionEvaluationReportLogger : 


============================
CONDITIONS EVALUATION REPORT
============================


Positive matches:
-----------------

   AopAutoConfiguration matched:
      - @ConditionalOnProperty (spring.aop.auto=true) matched (OnPropertyCondition)

   AopAutoConfiguration.AspectJAutoProxyingConfiguration matched:
      - @ConditionalOnClass found required class 'org.aspectj.weaver.Advice' (OnClassCondition)

   AopAutoConfiguration.AspectJAutoProxyingConfiguration.CglibAutoProxyConfiguration matched:
      - @ConditionalOnProperty (spring.aop.proxy-target-class=true) matched (OnPropertyCondition)

   ApplicationAvailabilityAutoConfiguration#applicationAvailability matched:
      - @ConditionalOnMissingBean (types: org.springframework.boot.availability.ApplicationAvailability; SearchStrategy: all) did not find any beans (OnBeanCondition)

   DataSourceAutoConfiguration matched:
      - @ConditionalOnClass found required classes 'javax.sql.DataSource', 'org.springframework.jdbc.datasource.embedded.EmbeddedDatabaseType' (OnClassCondition)
      - @ConditionalOnMissingBean (types: io.r2dbc.spi.ConnectionFactory; SearchStrategy: all) did not find any beans (OnBeanCondition)

   DataSourceAutoConfiguration.PooledDataSourceConfiguration matched:
      - AnyNestedCondition 1 matched 1 did not; NestedCondition on DataSourceAutoConfiguration.PooledDataSourceCondition.PooledDataSourceAvailable PooledDataSource found supported DataSource; NestedCondition on DataSourceAutoConfiguration.PooledDataSourceCondition.ExplicitType @ConditionalOnProperty (spring.datasource.type) did not find property 'type' (DataSourceAutoConfiguration.PooledDataSourceCondition)
      - @ConditionalOnMissingBean (types: javax.sql.DataSource,javax.sql.XADataSource; SearchStrategy: all) did not find any beans (OnBeanCondition)

   DataSourceAutoConfiguration.PooledDataSourceConfiguration#jdbcConnectionDetails matched:
      - @ConditionalOnMissingBean (types: org.springframework.boot.autoconfigure.jdbc.JdbcConnectionDetails; SearchStrategy: all) did not find any beans (OnBeanCondition)

   DataSourceConfiguration.Hikari matched:
      - @ConditionalOnClass found required class 'com.zaxxer.hikari.HikariDataSource' (OnClassCondition)
      - @ConditionalOnProperty (spring.datasource.type=com.zaxxer.hikari.HikariDataSource) matched (OnPropertyCondition)
      - @ConditionalOnMissingBean (types: javax.sql.DataSource; SearchStrategy: all) did not find any beans (OnBeanCondition)

   DataSourceInitializationConfiguration matched:
      - @ConditionalOnClass found required class 'org.springframework.jdbc.datasource.init.DatabasePopulator' (OnClassCondition)
      - @ConditionalOnSingleCandidate (types: javax.sql.DataSource; SearchStrategy: all) found a single bean 'dataSource'; @ConditionalOnMissingBean (types: org.springframework.boot.autoconfigure.sql.init.SqlDataSourceScriptDatabaseInitializer,org.springframework.boot.autoconfigure.sql.init.SqlR2dbcScriptDatabaseInitializer; SearchStrategy: all) did not find any beans (OnBeanCondition)

   DataSourceJmxConfiguration matched:
      - @ConditionalOnProperty (spring.jmx.enabled=true) matched (OnPropertyCondition)

   DataSourceJmxConfiguration.Hikari matched:
      - @ConditionalOnClass found required class 'com.zaxxer.hikari.HikariDataSource' (OnClassCondition)
      - @ConditionalOnSingleCandidate (types: javax.sql.DataSource; SearchStrategy: all) found a single bean 'dataSource' (OnBeanCondition)

   DataSourcePoolMetadataProvidersConfiguration.HikariPoolDataSourceMetadataProviderConfiguration matched:
      - @ConditionalOnClass found required class 'com.zaxxer.hikari.HikariDataSource' (OnClassCondition)

   DataSourceTransactionManagerAutoConfiguration matched:
      - @ConditionalOnClass found required classes 'javax.sql.DataSource', 'org.springframework.jdbc.core.JdbcTemplate', 'org.springframework.transaction.TransactionManager' (OnClassCondition)

   DataSourceTransactionManagerAutoConfiguration.JdbcTransactionManagerConfiguration matched:
      - @ConditionalOnSingleCandidate (types: javax.sql.DataSource; SearchStrategy: all) found a single bean 'dataSource' (OnBeanCondition)

   DispatcherServletAutoConfiguration matched:
      - @ConditionalOnClass found required class 'org.springframework.web.servlet.DispatcherServlet' (OnClassCondition)
      - found 'session' scope (OnWebApplicationCondition)

   DispatcherServletAutoConfiguration.DispatcherServletConfiguration matched:
      - @ConditionalOnClass found required class 'jakarta.servlet.ServletRegistration' (OnClassCondition)
      - Default DispatcherServlet did not find dispatcher servlet beans (DispatcherServletAutoConfiguration.DefaultDispatcherServletCondition)

   DispatcherServletAutoConfiguration.DispatcherServletRegistrationConfiguration matched:
      - @ConditionalOnClass found required class 'jakarta.servlet.ServletRegistration' (OnClassCondition)
      - DispatcherServlet Registration did not find servlet registration bean (DispatcherServletAutoConfiguration.DispatcherServletRegistrationCondition)

   DispatcherServletAutoConfiguration.DispatcherServletRegistrationConfiguration#dispatcherServletRegistration matched:
      - @ConditionalOnBean (names: dispatcherServlet types: org.springframework.web.servlet.DispatcherServlet; SearchStrategy: all) found bean 'dispatcherServlet' (OnBeanCondition)

   EmbeddedWebServerFactoryCustomizerAutoConfiguration matched:
      - @ConditionalOnWebApplication (required) found 'session' scope (OnWebApplicationCondition)
      - @ConditionalOnWarDeployment the application is not deployed as a WAR file. (OnWarDeploymentCondition)

   EmbeddedWebServerFactoryCustomizerAutoConfiguration.TomcatWebServerFactoryCustomizerConfiguration matched:
      - @ConditionalOnClass found required classes 'org.apache.catalina.startup.Tomcat', 'org.apache.coyote.UpgradeProtocol' (OnClassCondition)

   ErrorMvcAutoConfiguration matched:
      - @ConditionalOnClass found required classes 'jakarta.servlet.Servlet', 'org.springframework.web.servlet.DispatcherServlet' (OnClassCondition)
      - found 'session' scope (OnWebApplicationCondition)

   ErrorMvcAutoConfiguration#basicErrorController matched:
      - @ConditionalOnMissingBean (types: org.springframework.boot.web.servlet.error.ErrorController; SearchStrategy: current) did not find any beans (OnBeanCondition)

   ErrorMvcAutoConfiguration#errorAttributes matched:
      - @ConditionalOnMissingBean (types: org.springframework.boot.web.servlet.error.ErrorAttributes; SearchStrategy: current) did not find any beans (OnBeanCondition)

   ErrorMvcAutoConfiguration.DefaultErrorViewResolverConfiguration#conventionErrorViewResolver matched:
      - @ConditionalOnBean (types: org.springframework.web.servlet.DispatcherServlet; SearchStrategy: all) found bean 'dispatcherServlet'; @ConditionalOnMissingBean (types: org.springframework.boot.autoconfigure.web.servlet.error.ErrorViewResolver; SearchStrategy: all) did not find any beans (OnBeanCondition)

   ErrorMvcAutoConfiguration.WhitelabelErrorViewConfiguration matched:
      - @ConditionalOnProperty (server.error.whitelabel.enabled) matched (OnPropertyCondition)
      - ErrorTemplate Missing did not find error template view (ErrorMvcAutoConfiguration.ErrorTemplateMissingCondition)

   ErrorMvcAutoConfiguration.WhitelabelErrorViewConfiguration#beanNameViewResolver matched:
      - @ConditionalOnMissingBean (types: org.springframework.web.servlet.view.BeanNameViewResolver; SearchStrategy: all) did not find any beans (OnBeanCondition)

   ErrorMvcAutoConfiguration.WhitelabelErrorViewConfiguration#defaultErrorView matched:
      - @ConditionalOnMissingBean (names: error; SearchStrategy: all) did not find any beans (OnBeanCondition)

   GenericCacheConfiguration matched:
      - Cache org.springframework.boot.autoconfigure.cache.GenericCacheConfiguration automatic cache type (CacheCondition)

   HibernateJpaAutoConfiguration matched:
      - @ConditionalOnClass found required classes 'org.springframework.orm.jpa.LocalContainerEntityManagerFactoryBean', 'jakarta.persistence.EntityManager', 'org.hibernate.engine.spi.SessionImplementor' (OnClassCondition)

   HibernateJpaConfiguration matched:
      - @ConditionalOnSingleCandidate (types: javax.sql.DataSource; SearchStrategy: all) found a single bean 'dataSource' (OnBeanCondition)

   HttpEncodingAutoConfiguration matched:
      - @ConditionalOnClass found required class 'org.springframework.web.filter.CharacterEncodingFilter' (OnClassCondition)
      - found 'session' scope (OnWebApplicationCondition)
      - @ConditionalOnProperty (server.servlet.encoding.enabled) matched (OnPropertyCondition)

   HttpEncodingAutoConfiguration#characterEncodingFilter matched:
      - @ConditionalOnMissingBean (types: org.springframework.web.filter.CharacterEncodingFilter; SearchStrategy: all) did not find any beans (OnBeanCondition)

   HttpMessageConvertersAutoConfiguration matched:
      - @ConditionalOnClass found required class 'org.springframework.http.converter.HttpMessageConverter' (OnClassCondition)
      - NoneNestedConditions 0 matched 1 did not; NestedCondition on HttpMessageConvertersAutoConfiguration.NotReactiveWebApplicationCondition.ReactiveWebApplication did not find reactive web application classes (HttpMessageConvertersAutoConfiguration.NotReactiveWebApplicationCondition)

   HttpMessageConvertersAutoConfiguration#messageConverters matched:
      - @ConditionalOnMissingBean (types: org.springframework.boot.autoconfigure.http.HttpMessageConverters; SearchStrategy: all) did not find any beans (OnBeanCondition)

   HttpMessageConvertersAutoConfiguration.StringHttpMessageConverterConfiguration matched:
      - @ConditionalOnClass found required class 'org.springframework.http.converter.StringHttpMessageConverter' (OnClassCondition)

   HttpMessageConvertersAutoConfiguration.StringHttpMessageConverterConfiguration#stringHttpMessageConverter matched:
      - @ConditionalOnMissingBean (types: org.springframework.http.converter.StringHttpMessageConverter; SearchStrategy: all) did not find any beans (OnBeanCondition)

   JacksonAutoConfiguration matched:
      - @ConditionalOnClass found required class 'com.fasterxml.jackson.databind.ObjectMapper' (OnClassCondition)

   JacksonAutoConfiguration.Jackson2ObjectMapperBuilderCustomizerConfiguration matched:
      - @ConditionalOnClass found required class 'org.springframework.http.converter.json.Jackson2ObjectMapperBuilder' (OnClassCondition)

   JacksonAutoConfiguration.JacksonObjectMapperBuilderConfiguration matched:
      - @ConditionalOnClass found required class 'org.springframework.http.converter.json.Jackson2ObjectMapperBuilder' (OnClassCondition)

   JacksonAutoConfiguration.JacksonObjectMapperBuilderConfiguration#jacksonObjectMapperBuilder matched:
      - @ConditionalOnMissingBean (types: org.springframework.http.converter.json.Jackson2ObjectMapperBuilder; SearchStrategy: all) did not find any beans (OnBeanCondition)

   JacksonAutoConfiguration.JacksonObjectMapperConfiguration matched:
      - @ConditionalOnClass found required class 'org.springframework.http.converter.json.Jackson2ObjectMapperBuilder' (OnClassCondition)

   JacksonAutoConfiguration.JacksonObjectMapperConfiguration#jacksonObjectMapper matched:
      - @ConditionalOnMissingBean (types: com.fasterxml.jackson.databind.ObjectMapper; SearchStrategy: all) did not find any beans (OnBeanCondition)

   JacksonAutoConfiguration.ParameterNamesModuleConfiguration matched:
      - @ConditionalOnClass found required class 'com.fasterxml.jackson.module.paramnames.ParameterNamesModule' (OnClassCondition)

   JacksonAutoConfiguration.ParameterNamesModuleConfiguration#parameterNamesModule matched:
      - @ConditionalOnMissingBean (types: com.fasterxml.jackson.module.paramnames.ParameterNamesModule; SearchStrategy: all) did not find any beans (OnBeanCondition)

   JacksonHttpMessageConvertersConfiguration.MappingJackson2HttpMessageConverterConfiguration matched:
      - @ConditionalOnClass found required class 'com.fasterxml.jackson.databind.ObjectMapper' (OnClassCondition)
      - @ConditionalOnProperty (spring.mvc.converters.preferred-json-mapper=jackson) matched (OnPropertyCondition)
      - @ConditionalOnBean (types: com.fasterxml.jackson.databind.ObjectMapper; SearchStrategy: all) found bean 'jacksonObjectMapper' (OnBeanCondition)

   JacksonHttpMessageConvertersConfiguration.MappingJackson2HttpMessageConverterConfiguration#mappingJackson2HttpMessageConverter matched:
      - @ConditionalOnMissingBean (types: org.springframework.http.converter.json.MappingJackson2HttpMessageConverter ignored: org.springframework.hateoas.server.mvc.TypeConstrainedMappingJackson2HttpMessageConverter,org.springframework.data.rest.webmvc.alps.AlpsJsonHttpMessageConverter; SearchStrategy: all) did not find any beans (OnBeanCondition)

   JdbcClientAutoConfiguration matched:
      - @ConditionalOnSingleCandidate (types: org.springframework.jdbc.core.namedparam.NamedParameterJdbcTemplate; SearchStrategy: all) found a single bean 'namedParameterJdbcTemplate'; @ConditionalOnMissingBean (types: org.springframework.jdbc.core.simple.JdbcClient; SearchStrategy: all) did not find any beans (OnBeanCondition)

   JdbcTemplateAutoConfiguration matched:
      - @ConditionalOnClass found required classes 'javax.sql.DataSource', 'org.springframework.jdbc.core.JdbcTemplate' (OnClassCondition)
      - @ConditionalOnSingleCandidate (types: javax.sql.DataSource; SearchStrategy: all) found a single bean 'dataSource' (OnBeanCondition)

   JdbcTemplateConfiguration matched:
      - @ConditionalOnMissingBean (types: org.springframework.jdbc.core.JdbcOperations; SearchStrategy: all) did not find any beans (OnBeanCondition)

   JpaBaseConfiguration#entityManagerFactory matched:
      - @ConditionalOnMissingBean (types: org.springframework.orm.jpa.LocalContainerEntityManagerFactoryBean,jakarta.persistence.EntityManagerFactory; SearchStrategy: all) did not find any beans (OnBeanCondition)

   JpaBaseConfiguration#entityManagerFactoryBuilder matched:
      - @ConditionalOnMissingBean (types: org.springframework.boot.orm.jpa.EntityManagerFactoryBuilder; SearchStrategy: all) did not find any beans (OnBeanCondition)

   JpaBaseConfiguration#jpaVendorAdapter matched:
      - @ConditionalOnMissingBean (types: org.springframework.orm.jpa.JpaVendorAdapter; SearchStrategy: all) did not find any beans (OnBeanCondition)

   JpaBaseConfiguration#transactionManager matched:
      - @ConditionalOnMissingBean (types: org.springframework.transaction.TransactionManager; SearchStrategy: all) did not find any beans (OnBeanCondition)

   JpaBaseConfiguration.PersistenceManagedTypesConfiguration matched:
      - @ConditionalOnMissingBean (types: org.springframework.orm.jpa.LocalContainerEntityManagerFactoryBean,jakarta.persistence.EntityManagerFactory; SearchStrategy: all) did not find any beans (OnBeanCondition)

   JpaBaseConfiguration.PersistenceManagedTypesConfiguration#persistenceManagedTypes matched:
      - @ConditionalOnMissingBean (types: org.springframework.orm.jpa.persistenceunit.PersistenceManagedTypes; SearchStrategy: all) did not find any beans (OnBeanCondition)

   JpaRepositoriesAutoConfiguration matched:
      - @ConditionalOnClass found required class 'org.springframework.data.jpa.repository.JpaRepository' (OnClassCondition)
      - @ConditionalOnProperty (spring.data.jpa.repositories.enabled=true) matched (OnPropertyCondition)
      - @ConditionalOnBean (types: javax.sql.DataSource; SearchStrategy: all) found bean 'dataSource'; @ConditionalOnMissingBean (types: org.springframework.data.jpa.repository.support.JpaRepositoryFactoryBean,org.springframework.data.jpa.repository.config.JpaRepositoryConfigExtension; SearchStrategy: all) did not find any beans (OnBeanCondition)

   JtaAutoConfiguration matched:
      - @ConditionalOnClass found required class 'jakarta.transaction.Transaction' (OnClassCondition)
      - @ConditionalOnProperty (spring.jta.enabled) matched (OnPropertyCondition)

   LifecycleAutoConfiguration#defaultLifecycleProcessor matched:
      - @ConditionalOnMissingBean (names: lifecycleProcessor; SearchStrategy: current) did not find any beans (OnBeanCondition)

   MultipartAutoConfiguration matched:
      - @ConditionalOnClass found required classes 'jakarta.servlet.Servlet', 'org.springframework.web.multipart.support.StandardServletMultipartResolver', 'jakarta.servlet.MultipartConfigElement' (OnClassCondition)
      - found 'session' scope (OnWebApplicationCondition)
      - @ConditionalOnProperty (spring.servlet.multipart.enabled) matched (OnPropertyCondition)

   MultipartAutoConfiguration#multipartConfigElement matched:
      - @ConditionalOnMissingBean (types: jakarta.servlet.MultipartConfigElement; SearchStrategy: all) did not find any beans (OnBeanCondition)

   MultipartAutoConfiguration#multipartResolver matched:
      - @ConditionalOnMissingBean (types: org.springframework.web.multipart.MultipartResolver; SearchStrategy: all) did not find any beans (OnBeanCondition)

   NamedParameterJdbcTemplateConfiguration matched:
      - @ConditionalOnSingleCandidate (types: org.springframework.jdbc.core.JdbcTemplate; SearchStrategy: all) found a single bean 'jdbcTemplate'; @ConditionalOnMissingBean (types: org.springframework.jdbc.core.namedparam.NamedParameterJdbcOperations; SearchStrategy: all) did not find any beans (OnBeanCondition)

   NoOpCacheConfiguration matched:
      - Cache org.springframework.boot.autoconfigure.cache.NoOpCacheConfiguration automatic cache type (CacheCondition)

   PersistenceExceptionTranslationAutoConfiguration matched:
      - @ConditionalOnClass found required class 'org.springframework.dao.annotation.PersistenceExceptionTranslationPostProcessor' (OnClassCondition)

   PersistenceExceptionTranslationAutoConfiguration#persistenceExceptionTranslationPostProcessor matched:
      - @ConditionalOnProperty (spring.dao.exceptiontranslation.enabled) matched (OnPropertyCondition)
      - @ConditionalOnMissingBean (types: org.springframework.dao.annotation.PersistenceExceptionTranslationPostProcessor; SearchStrategy: all) did not find any beans (OnBeanCondition)

   PropertyPlaceholderAutoConfiguration#propertySourcesPlaceholderConfigurer matched:
      - @ConditionalOnMissingBean (types: org.springframework.context.support.PropertySourcesPlaceholderConfigurer; SearchStrategy: current) did not find any beans (OnBeanCondition)

   RestClientAutoConfiguration matched:
      - @ConditionalOnClass found required class 'org.springframework.web.client.RestClient' (OnClassCondition)
      - NoneNestedConditions 0 matched 1 did not; NestedCondition on NotReactiveWebApplicationCondition.ReactiveWebApplication did not find reactive web application classes (NotReactiveWebApplicationCondition)

   RestClientAutoConfiguration#httpMessageConvertersRestClientCustomizer matched:
      - @ConditionalOnMissingBean (types: org.springframework.boot.autoconfigure.web.client.HttpMessageConvertersRestClientCustomizer; SearchStrategy: all) did not find any beans (OnBeanCondition)

   RestClientAutoConfiguration#restClientBuilder matched:
      - @ConditionalOnMissingBean (types: org.springframework.web.client.RestClient$Builder; SearchStrategy: all) did not find any beans (OnBeanCondition)

   RestClientAutoConfiguration#restClientBuilderConfigurer matched:
      - @ConditionalOnMissingBean (types: org.springframework.boot.autoconfigure.web.client.RestClientBuilderConfigurer; SearchStrategy: all) did not find any beans (OnBeanCondition)

   RestClientAutoConfiguration#restClientSsl matched:
      - @ConditionalOnBean (types: org.springframework.boot.ssl.SslBundles; SearchStrategy: all) found bean 'sslBundleRegistry'; @ConditionalOnMissingBean (types: org.springframework.boot.autoconfigure.web.client.RestClientSsl; SearchStrategy: all) did not find any beans (OnBeanCondition)

   RestTemplateAutoConfiguration matched:
      - @ConditionalOnClass found required class 'org.springframework.web.client.RestTemplate' (OnClassCondition)
      - NoneNestedConditions 0 matched 1 did not; NestedCondition on NotReactiveWebApplicationCondition.ReactiveWebApplication did not find reactive web application classes (NotReactiveWebApplicationCondition)

   RestTemplateAutoConfiguration#restTemplateBuilder matched:
      - @ConditionalOnMissingBean (types: org.springframework.boot.web.client.RestTemplateBuilder; SearchStrategy: all) did not find any beans (OnBeanCondition)

   SecurityAutoConfiguration matched:
      - @ConditionalOnClass found required class 'org.springframework.security.authentication.DefaultAuthenticationEventPublisher' (OnClassCondition)

   SecurityAutoConfiguration#authenticationEventPublisher matched:
      - @ConditionalOnMissingBean (types: org.springframework.security.authentication.AuthenticationEventPublisher; SearchStrategy: all) did not find any beans (OnBeanCondition)

   SecurityFilterAutoConfiguration matched:
      - @ConditionalOnClass found required classes 'org.springframework.security.web.context.AbstractSecurityWebApplicationInitializer', 'org.springframework.security.config.http.SessionCreationPolicy' (OnClassCondition)
      - found 'session' scope (OnWebApplicationCondition)

   SecurityFilterAutoConfiguration#securityFilterChainRegistration matched:
      - @ConditionalOnBean (names: springSecurityFilterChain; SearchStrategy: all) found bean 'springSecurityFilterChain' (OnBeanCondition)

   ServletWebServerFactoryAutoConfiguration matched:
      - @ConditionalOnClass found required class 'jakarta.servlet.ServletRequest' (OnClassCondition)
      - found 'session' scope (OnWebApplicationCondition)

   ServletWebServerFactoryAutoConfiguration#tomcatServletWebServerFactoryCustomizer matched:
      - @ConditionalOnClass found required class 'org.apache.catalina.startup.Tomcat' (OnClassCondition)

   ServletWebServerFactoryConfiguration.EmbeddedTomcat matched:
      - @ConditionalOnClass found required classes 'jakarta.servlet.Servlet', 'org.apache.catalina.startup.Tomcat', 'org.apache.coyote.UpgradeProtocol' (OnClassCondition)
      - @ConditionalOnMissingBean (types: org.springframework.boot.web.servlet.server.ServletWebServerFactory; SearchStrategy: current) did not find any beans (OnBeanCondition)

   SimpleCacheConfiguration matched:
      - Cache org.springframework.boot.autoconfigure.cache.SimpleCacheConfiguration automatic cache type (CacheCondition)

   SpringBootWebSecurityConfiguration matched:
      - found 'session' scope (OnWebApplicationCondition)

   SpringBootWebSecurityConfiguration.WebSecurityEnablerConfiguration matched:
      - @ConditionalOnClass found required class 'org.springframework.security.config.annotation.web.configuration.EnableWebSecurity' (OnClassCondition)
      - @ConditionalOnMissingBean (names: springSecurityFilterChain; SearchStrategy: all) did not find any beans (OnBeanCondition)

   SpringDataWebAutoConfiguration matched:
      - @ConditionalOnClass found required classes 'org.springframework.data.web.PageableHandlerMethodArgumentResolver', 'org.springframework.web.servlet.config.annotation.WebMvcConfigurer' (OnClassCondition)
      - found 'session' scope (OnWebApplicationCondition)
      - @ConditionalOnMissingBean (types: org.springframework.data.web.PageableHandlerMethodArgumentResolver; SearchStrategy: all) did not find any beans (OnBeanCondition)

   SpringDataWebAutoConfiguration#pageableCustomizer matched:
      - @ConditionalOnMissingBean (types: org.springframework.data.web.config.PageableHandlerMethodArgumentResolverCustomizer; SearchStrategy: all) did not find any beans (OnBeanCondition)

   SpringDataWebAutoConfiguration#sortCustomizer matched:
      - @ConditionalOnMissingBean (types: org.springframework.data.web.config.SortHandlerMethodArgumentResolverCustomizer; SearchStrategy: all) did not find any beans (OnBeanCondition)

   SqlInitializationAutoConfiguration matched:
      - @ConditionalOnProperty (spring.sql.init.enabled) matched (OnPropertyCondition)
      - NoneNestedConditions 0 matched 1 did not; NestedCondition on SqlInitializationAutoConfiguration.SqlInitializationModeCondition.ModeIsNever @ConditionalOnProperty (spring.sql.init.mode=never) found different value in property 'mode' (SqlInitializationAutoConfiguration.SqlInitializationModeCondition)

   SslAutoConfiguration#sslBundleRegistry matched:
      - @ConditionalOnMissingBean (types: org.springframework.boot.ssl.SslBundleRegistry,org.springframework.boot.ssl.SslBundles; SearchStrategy: all) did not find any beans (OnBeanCondition)

   TaskExecutionAutoConfiguration matched:
      - @ConditionalOnClass found required class 'org.springframework.scheduling.concurrent.ThreadPoolTaskExecutor' (OnClassCondition)

   TaskExecutorConfigurations.SimpleAsyncTaskExecutorBuilderConfiguration#simpleAsyncTaskExecutorBuilder matched:
      - @ConditionalOnMissingBean (types: org.springframework.boot.task.SimpleAsyncTaskExecutorBuilder; SearchStrategy: all) did not find any beans (OnBeanCondition)
      - @ConditionalOnThreading found PLATFORM (OnThreadingCondition)

   TaskExecutorConfigurations.TaskExecutorBuilderConfiguration#taskExecutorBuilder matched:
      - @ConditionalOnMissingBean (types: org.springframework.boot.task.TaskExecutorBuilder; SearchStrategy: all) did not find any beans (OnBeanCondition)

   TaskExecutorConfigurations.TaskExecutorConfiguration matched:
      - @ConditionalOnMissingBean (types: java.util.concurrent.Executor; SearchStrategy: all) did not find any beans (OnBeanCondition)

   TaskExecutorConfigurations.TaskExecutorConfiguration#applicationTaskExecutor matched:
      - @ConditionalOnThreading found PLATFORM (OnThreadingCondition)

   TaskExecutorConfigurations.ThreadPoolTaskExecutorBuilderConfiguration#threadPoolTaskExecutorBuilder matched:
      - @ConditionalOnMissingBean (types: org.springframework.boot.task.TaskExecutorBuilder,org.springframework.boot.task.ThreadPoolTaskExecutorBuilder; SearchStrategy: all) did not find any beans (OnBeanCondition)

   TaskSchedulingAutoConfiguration matched:
      - @ConditionalOnClass found required class 'org.springframework.scheduling.concurrent.ThreadPoolTaskScheduler' (OnClassCondition)

   TaskSchedulingConfigurations.SimpleAsyncTaskSchedulerBuilderConfiguration#simpleAsyncTaskSchedulerBuilder matched:
      - @ConditionalOnMissingBean (types: org.springframework.boot.task.SimpleAsyncTaskSchedulerBuilder; SearchStrategy: all) did not find any beans (OnBeanCondition)
      - @ConditionalOnThreading found PLATFORM (OnThreadingCondition)

   TaskSchedulingConfigurations.TaskSchedulerBuilderConfiguration#taskSchedulerBuilder matched:
      - @ConditionalOnMissingBean (types: org.springframework.boot.task.TaskSchedulerBuilder; SearchStrategy: all) did not find any beans (OnBeanCondition)

   TaskSchedulingConfigurations.ThreadPoolTaskSchedulerBuilderConfiguration#threadPoolTaskSchedulerBuilder matched:
      - @ConditionalOnMissingBean (types: org.springframework.boot.task.TaskSchedulerBuilder,org.springframework.boot.task.ThreadPoolTaskSchedulerBuilder; SearchStrategy: all) did not find any beans (OnBeanCondition)

   TransactionAutoConfiguration matched:
      - @ConditionalOnClass found required class 'org.springframework.transaction.PlatformTransactionManager' (OnClassCondition)

   TransactionAutoConfiguration.EnableTransactionManagementConfiguration matched:
      - @ConditionalOnBean (types: org.springframework.transaction.TransactionManager; SearchStrategy: all) found bean 'transactionManager'; @ConditionalOnMissingBean (types: org.springframework.transaction.annotation.AbstractTransactionManagementConfiguration; SearchStrategy: all) did not find any beans (OnBeanCondition)

   TransactionAutoConfiguration.EnableTransactionManagementConfiguration.CglibAutoProxyConfiguration matched:
      - @ConditionalOnProperty (spring.aop.proxy-target-class=true) matched (OnPropertyCondition)

   TransactionAutoConfiguration.TransactionTemplateConfiguration matched:
      - @ConditionalOnSingleCandidate (types: org.springframework.transaction.PlatformTransactionManager; SearchStrategy: all) found a single bean 'transactionManager' (OnBeanCondition)

   TransactionAutoConfiguration.TransactionTemplateConfiguration#transactionTemplate matched:
      - @ConditionalOnMissingBean (types: org.springframework.transaction.support.TransactionOperations; SearchStrategy: all) did not find any beans (OnBeanCondition)

   TransactionManagerCustomizationAutoConfiguration matched:
      - @ConditionalOnClass found required class 'org.springframework.transaction.PlatformTransactionManager' (OnClassCondition)

   TransactionManagerCustomizationAutoConfiguration#platformTransactionManagerCustomizers matched:
      - @ConditionalOnMissingBean (types: org.springframework.boot.autoconfigure.transaction.TransactionManagerCustomizers; SearchStrategy: all) did not find any beans (OnBeanCondition)

   UserDetailsServiceAutoConfiguration matched:
      - @ConditionalOnClass found required class 'org.springframework.security.authentication.AuthenticationManager' (OnClassCondition)
      - AnyNestedCondition 1 matched 2 did not; NestedCondition on UserDetailsServiceAutoConfiguration.MissingAlternativeOrUserPropertiesConfigured.PasswordConfigured @ConditionalOnProperty (spring.security.user.password) did not find property 'password'; NestedCondition on UserDetailsServiceAutoConfiguration.MissingAlternativeOrUserPropertiesConfigured.NameConfigured @ConditionalOnProperty (spring.security.user.name) did not find property 'name'; NestedCondition on UserDetailsServiceAutoConfiguration.MissingAlternativeOrUserPropertiesConfigured.MissingAlternative @ConditionalOnMissingClass did not find unwanted classes 'org.springframework.security.oauth2.client.registration.ClientRegistrationRepository', 'org.springframework.security.oauth2.server.resource.introspection.OpaqueTokenIntrospector', 'org.springframework.security.saml2.provider.service.registration.RelyingPartyRegistrationRepository' (UserDetailsServiceAutoConfiguration.MissingAlternativeOrUserPropertiesConfigured)
      - @ConditionalOnBean (types: org.springframework.security.config.annotation.ObjectPostProcessor; SearchStrategy: all) found bean 'objectPostProcessor'; @ConditionalOnMissingBean (types: org.springframework.security.authentication.AuthenticationManager,org.springframework.security.authentication.AuthenticationProvider,org.springframework.security.core.userdetails.UserDetailsService,org.springframework.security.authentication.AuthenticationManagerResolver,org.springframework.security.oauth2.jwt.JwtDecoder; SearchStrategy: all) did not find any beans (OnBeanCondition)

   ValidationAutoConfiguration matched:
      - @ConditionalOnClass found required class 'jakarta.validation.executable.ExecutableValidator' (OnClassCondition)
      - @ConditionalOnResource found location classpath:META-INF/services/jakarta.validation.spi.ValidationProvider (OnResourceCondition)

   ValidationAutoConfiguration#defaultValidator matched:
      - @ConditionalOnMissingBean (types: jakarta.validation.Validator; SearchStrategy: all) did not find any beans (OnBeanCondition)

   ValidationAutoConfiguration#methodValidationPostProcessor matched:
      - @ConditionalOnMissingBean (types: org.springframework.validation.beanvalidation.MethodValidationPostProcessor; SearchStrategy: current) did not find any beans (OnBeanCondition)

   WebMvcAutoConfiguration matched:
      - @ConditionalOnClass found required classes 'jakarta.servlet.Servlet', 'org.springframework.web.servlet.DispatcherServlet', 'org.springframework.web.servlet.config.annotation.WebMvcConfigurer' (OnClassCondition)
      - found 'session' scope (OnWebApplicationCondition)
      - @ConditionalOnMissingBean (types: org.springframework.web.servlet.config.annotation.WebMvcConfigurationSupport; SearchStrategy: all) did not find any beans (OnBeanCondition)

   WebMvcAutoConfiguration#formContentFilter matched:
      - @ConditionalOnProperty (spring.mvc.formcontent.filter.enabled) matched (OnPropertyCondition)
      - @ConditionalOnMissingBean (types: org.springframework.web.filter.FormContentFilter; SearchStrategy: all) did not find any beans (OnBeanCondition)

   WebMvcAutoConfiguration.EnableWebMvcConfiguration#flashMapManager matched:
      - @ConditionalOnMissingBean (names: flashMapManager; SearchStrategy: all) did not find any beans (OnBeanCondition)

   WebMvcAutoConfiguration.EnableWebMvcConfiguration#localeResolver matched:
      - @ConditionalOnMissingBean (names: localeResolver; SearchStrategy: all) did not find any beans (OnBeanCondition)

   WebMvcAutoConfiguration.EnableWebMvcConfiguration#themeResolver matched:
      - @ConditionalOnMissingBean (names: themeResolver; SearchStrategy: all) did not find any beans (OnBeanCondition)

   WebMvcAutoConfiguration.WebMvcAutoConfigurationAdapter#defaultViewResolver matched:
      - @ConditionalOnMissingBean (types: org.springframework.web.servlet.view.InternalResourceViewResolver; SearchStrategy: all) did not find any beans (OnBeanCondition)

   WebMvcAutoConfiguration.WebMvcAutoConfigurationAdapter#requestContextFilter matched:
      - @ConditionalOnMissingBean (types: org.springframework.web.context.request.RequestContextListener,org.springframework.web.filter.RequestContextFilter; SearchStrategy: all) did not find any beans (OnBeanCondition)

   WebMvcAutoConfiguration.WebMvcAutoConfigurationAdapter#viewResolver matched:
      - @ConditionalOnBean (types: org.springframework.web.servlet.ViewResolver; SearchStrategy: all) found beans 'defaultViewResolver', 'beanNameViewResolver', 'mvcViewResolver'; @ConditionalOnMissingBean (names: viewResolver types: org.springframework.web.servlet.view.ContentNegotiatingViewResolver; SearchStrategy: all) did not find any beans (OnBeanCondition)

   WebSocketServletAutoConfiguration matched:
      - @ConditionalOnClass found required classes 'jakarta.servlet.Servlet', 'jakarta.websocket.server.ServerContainer' (OnClassCondition)
      - found 'session' scope (OnWebApplicationCondition)

   WebSocketServletAutoConfiguration.TomcatWebSocketConfiguration matched:
      - @ConditionalOnClass found required classes 'org.apache.catalina.startup.Tomcat', 'org.apache.tomcat.websocket.server.WsSci' (OnClassCondition)

   WebSocketServletAutoConfiguration.TomcatWebSocketConfiguration#websocketServletWebServerCustomizer matched:
      - @ConditionalOnMissingBean (names: websocketServletWebServerCustomizer; SearchStrategy: all) did not find any beans (OnBeanCondition)


Negative matches:
-----------------

   ActiveMQAutoConfiguration:
      Did not match:
         - @ConditionalOnClass did not find required class 'jakarta.jms.ConnectionFactory' (OnClassCondition)

   AopAutoConfiguration.AspectJAutoProxyingConfiguration.JdkDynamicAutoProxyConfiguration:
      Did not match:
         - @ConditionalOnProperty (spring.aop.proxy-target-class=false) did not find property 'proxy-target-class' (OnPropertyCondition)

   AopAutoConfiguration.ClassProxyingConfiguration:
      Did not match:
         - @ConditionalOnMissingClass found unwanted class 'org.aspectj.weaver.Advice' (OnClassCondition)

   ArtemisAutoConfiguration:
      Did not match:
         - @ConditionalOnClass did not find required class 'jakarta.jms.ConnectionFactory' (OnClassCondition)

   BatchAutoConfiguration:
      Did not match:
         - @ConditionalOnClass did not find required class 'org.springframework.batch.core.launch.JobLauncher' (OnClassCondition)

   Cache2kCacheConfiguration:
      Did not match:
         - @ConditionalOnClass did not find required class 'org.cache2k.Cache2kBuilder' (OnClassCondition)

   CacheAutoConfiguration:
      Did not match:
         - @ConditionalOnBean (types: org.springframework.cache.interceptor.CacheAspectSupport; SearchStrategy: all) did not find any beans of type org.springframework.cache.interceptor.CacheAspectSupport (OnBeanCondition)
      Matched:
         - @ConditionalOnClass found required class 'org.springframework.cache.CacheManager' (OnClassCondition)

   CacheAutoConfiguration.CacheManagerEntityManagerFactoryDependsOnPostProcessor:
      Did not match:
         - Ancestor org.springframework.boot.autoconfigure.cache.CacheAutoConfiguration did not match (ConditionEvaluationReport.AncestorsMatchedCondition)
      Matched:
         - @ConditionalOnClass found required class 'org.springframework.orm.jpa.LocalContainerEntityManagerFactoryBean' (OnClassCondition)

   CaffeineCacheConfiguration:
      Did not match:
         - @ConditionalOnClass did not find required class 'com.github.benmanes.caffeine.cache.Caffeine' (OnClassCondition)

   CassandraAutoConfiguration:
      Did not match:
         - @ConditionalOnClass did not find required class 'com.datastax.oss.driver.api.core.CqlSession' (OnClassCondition)

   CassandraDataAutoConfiguration:
      Did not match:
         - @ConditionalOnClass did not find required class 'com.datastax.oss.driver.api.core.CqlSession' (OnClassCondition)

   CassandraReactiveDataAutoConfiguration:
      Did not match:
         - @ConditionalOnClass did not find required class 'com.datastax.oss.driver.api.core.CqlSession' (OnClassCondition)

   CassandraReactiveRepositoriesAutoConfiguration:
      Did not match:
         - @ConditionalOnClass did not find required class 'org.springframework.data.cassandra.ReactiveSession' (OnClassCondition)

   CassandraRepositoriesAutoConfiguration:
      Did not match:
         - @ConditionalOnClass did not find required class 'com.datastax.oss.driver.api.core.CqlSession' (OnClassCondition)

   ClientHttpConnectorAutoConfiguration:
      Did not match:
         - @ConditionalOnClass did not find required class 'org.springframework.web.reactive.function.client.WebClient' (OnClassCondition)

   CodecsAutoConfiguration:
      Did not match:
         - @ConditionalOnClass did not find required class 'org.springframework.web.reactive.function.client.WebClient' (OnClassCondition)

   CouchbaseAutoConfiguration:
      Did not match:
         - @ConditionalOnClass did not find required class 'com.couchbase.client.java.Cluster' (OnClassCondition)

   CouchbaseCacheConfiguration:
      Did not match:
         - @ConditionalOnClass did not find required class 'com.couchbase.client.java.Cluster' (OnClassCondition)

   CouchbaseDataAutoConfiguration:
      Did not match:
         - @ConditionalOnClass did not find required class 'com.couchbase.client.java.Bucket' (OnClassCondition)

   CouchbaseReactiveDataAutoConfiguration:
      Did not match:
         - @ConditionalOnClass did not find required class 'com.couchbase.client.java.Cluster' (OnClassCondition)

   CouchbaseReactiveRepositoriesAutoConfiguration:
      Did not match:
         - @ConditionalOnClass did not find required class 'com.couchbase.client.java.Cluster' (OnClassCondition)

   CouchbaseRepositoriesAutoConfiguration:
      Did not match:
         - @ConditionalOnClass did not find required class 'com.couchbase.client.java.Bucket' (OnClassCondition)

   DataSourceAutoConfiguration.EmbeddedDatabaseConfiguration:
      Did not match:
         - EmbeddedDataSource spring.datasource.url is set (DataSourceAutoConfiguration.EmbeddedDatabaseCondition)

   DataSourceCheckpointRestoreConfiguration:
      Did not match:
         - @ConditionalOnClass did not find required class 'org.crac.Resource' (OnClassCondition)

   DataSourceConfiguration.Dbcp2:
      Did not match:
         - @ConditionalOnClass did not find required class 'org.apache.commons.dbcp2.BasicDataSource' (OnClassCondition)

   DataSourceConfiguration.Generic:
      Did not match:
         - @ConditionalOnProperty (spring.datasource.type) did not find property 'spring.datasource.type' (OnPropertyCondition)

   DataSourceConfiguration.OracleUcp:
      Did not match:
         - @ConditionalOnClass did not find required classes 'oracle.ucp.jdbc.PoolDataSourceImpl', 'oracle.jdbc.OracleConnection' (OnClassCondition)

   DataSourceConfiguration.Tomcat:
      Did not match:
         - @ConditionalOnClass did not find required class 'org.apache.tomcat.jdbc.pool.DataSource' (OnClassCondition)

   DataSourceJmxConfiguration.TomcatDataSourceJmxConfiguration:
      Did not match:
         - @ConditionalOnClass did not find required class 'org.apache.tomcat.jdbc.pool.DataSourceProxy' (OnClassCondition)

   DataSourcePoolMetadataProvidersConfiguration.CommonsDbcp2PoolDataSourceMetadataProviderConfiguration:
      Did not match:
         - @ConditionalOnClass did not find required class 'org.apache.commons.dbcp2.BasicDataSource' (OnClassCondition)

   DataSourcePoolMetadataProvidersConfiguration.OracleUcpPoolDataSourceMetadataProviderConfiguration:
      Did not match:
         - @ConditionalOnClass did not find required classes 'oracle.ucp.jdbc.PoolDataSource', 'oracle.jdbc.OracleConnection' (OnClassCondition)

   DataSourcePoolMetadataProvidersConfiguration.TomcatDataSourcePoolMetadataProviderConfiguration:
      Did not match:
         - @ConditionalOnClass did not find required class 'org.apache.tomcat.jdbc.pool.DataSource' (OnClassCondition)

   DataSourceTransactionManagerAutoConfiguration.JdbcTransactionManagerConfiguration#transactionManager:
      Did not match:
         - @ConditionalOnMissingBean (types: org.springframework.transaction.TransactionManager; SearchStrategy: all) found beans of type 'org.springframework.transaction.TransactionManager' transactionManager (OnBeanCondition)

   DispatcherServletAutoConfiguration.DispatcherServletConfiguration#multipartResolver:
      Did not match:
         - @ConditionalOnBean (types: org.springframework.web.multipart.MultipartResolver; SearchStrategy: all) did not find any beans of type org.springframework.web.multipart.MultipartResolver (OnBeanCondition)

   ElasticsearchClientAutoConfiguration:
      Did not match:
         - @ConditionalOnClass did not find required class 'co.elastic.clients.elasticsearch.ElasticsearchClient' (OnClassCondition)

   ElasticsearchDataAutoConfiguration:
      Did not match:
         - @ConditionalOnClass did not find required class 'org.springframework.data.elasticsearch.client.elc.ElasticsearchTemplate' (OnClassCondition)

   ElasticsearchRepositoriesAutoConfiguration:
      Did not match:
         - @ConditionalOnClass did not find required class 'org.springframework.data.elasticsearch.repository.ElasticsearchRepository' (OnClassCondition)

   ElasticsearchRestClientAutoConfiguration:
      Did not match:
         - @ConditionalOnClass did not find required class 'org.elasticsearch.client.RestClientBuilder' (OnClassCondition)

   EmbeddedLdapAutoConfiguration:
      Did not match:
         - @ConditionalOnClass did not find required class 'com.unboundid.ldap.listener.InMemoryDirectoryServer' (OnClassCondition)

   EmbeddedWebServerFactoryCustomizerAutoConfiguration.JettyWebServerFactoryCustomizerConfiguration:
      Did not match:
         - @ConditionalOnClass did not find required classes 'org.eclipse.jetty.server.Server', 'org.eclipse.jetty.util.Loader', 'org.eclipse.jetty.ee10.webapp.WebAppContext' (OnClassCondition)

   EmbeddedWebServerFactoryCustomizerAutoConfiguration.NettyWebServerFactoryCustomizerConfiguration:
      Did not match:
         - @ConditionalOnClass did not find required class 'reactor.netty.http.server.HttpServer' (OnClassCondition)

   EmbeddedWebServerFactoryCustomizerAutoConfiguration.TomcatWebServerFactoryCustomizerConfiguration#tomcatVirtualThreadsProtocolHandlerCustomizer:
      Did not match:
         - @ConditionalOnThreading did not find VIRTUAL (OnThreadingCondition)

   EmbeddedWebServerFactoryCustomizerAutoConfiguration.UndertowWebServerFactoryCustomizerConfiguration:
      Did not match:
         - @ConditionalOnClass did not find required classes 'io.undertow.Undertow', 'org.xnio.SslClientAuthMode' (OnClassCondition)

   ErrorWebFluxAutoConfiguration:
      Did not match:
         - @ConditionalOnClass did not find required class 'org.springframework.web.reactive.config.WebFluxConfigurer' (OnClassCondition)

   FlywayAutoConfiguration:
      Did not match:
         - @ConditionalOnClass did not find required class 'org.flywaydb.core.Flyway' (OnClassCondition)

   FreeMarkerAutoConfiguration:
      Did not match:
         - @ConditionalOnClass did not find required class 'freemarker.template.Configuration' (OnClassCondition)

   GraphQlAutoConfiguration:
      Did not match:
         - @ConditionalOnClass did not find required class 'graphql.GraphQL' (OnClassCondition)

   GraphQlQueryByExampleAutoConfiguration:
      Did not match:
         - @ConditionalOnClass did not find required class 'graphql.GraphQL' (OnClassCondition)

   GraphQlQuerydslAutoConfiguration:
      Did not match:
         - @ConditionalOnClass did not find required class 'com.querydsl.core.Query' (OnClassCondition)

   GraphQlRSocketAutoConfiguration:
      Did not match:
         - @ConditionalOnClass did not find required class 'graphql.GraphQL' (OnClassCondition)

   GraphQlReactiveQueryByExampleAutoConfiguration:
      Did not match:
         - @ConditionalOnClass did not find required class 'graphql.GraphQL' (OnClassCondition)

   GraphQlReactiveQuerydslAutoConfiguration:
      Did not match:
         - @ConditionalOnClass did not find required class 'com.querydsl.core.Query' (OnClassCondition)

   GraphQlWebFluxAutoConfiguration:
      Did not match:
         - @ConditionalOnClass did not find required class 'graphql.GraphQL' (OnClassCondition)

   GraphQlWebFluxSecurityAutoConfiguration:
      Did not match:
         - @ConditionalOnClass did not find required class 'graphql.GraphQL' (OnClassCondition)

   GraphQlWebMvcAutoConfiguration:
      Did not match:
         - @ConditionalOnClass did not find required class 'graphql.GraphQL' (OnClassCondition)

   GraphQlWebMvcSecurityAutoConfiguration:
      Did not match:
         - @ConditionalOnClass did not find required class 'graphql.GraphQL' (OnClassCondition)

   GroovyTemplateAutoConfiguration:
      Did not match:
         - @ConditionalOnClass did not find required class 'groovy.text.markup.MarkupTemplateEngine' (OnClassCondition)

   GsonAutoConfiguration:
      Did not match:
         - @ConditionalOnClass did not find required class 'com.google.gson.Gson' (OnClassCondition)

   GsonHttpMessageConvertersConfiguration:
      Did not match:
         - @ConditionalOnClass did not find required class 'com.google.gson.Gson' (OnClassCondition)

   H2ConsoleAutoConfiguration:
      Did not match:
         - @ConditionalOnClass did not find required class 'org.h2.server.web.JakartaWebServlet' (OnClassCondition)

   HazelcastAutoConfiguration:
      Did not match:
         - @ConditionalOnClass did not find required class 'com.hazelcast.core.HazelcastInstance' (OnClassCondition)

   HazelcastCacheConfiguration:
      Did not match:
         - @ConditionalOnClass did not find required class 'com.hazelcast.core.HazelcastInstance' (OnClassCondition)

   HazelcastJpaDependencyAutoConfiguration:
      Did not match:
         - @ConditionalOnClass did not find required class 'com.hazelcast.core.HazelcastInstance' (OnClassCondition)

   HttpHandlerAutoConfiguration:
      Did not match:
         - @ConditionalOnClass did not find required class 'org.springframework.web.reactive.DispatcherHandler' (OnClassCondition)

   HypermediaAutoConfiguration:
      Did not match:
         - @ConditionalOnClass did not find required class 'org.springframework.hateoas.EntityModel' (OnClassCondition)

   InfinispanCacheConfiguration:
      Did not match:
         - @ConditionalOnClass did not find required class 'org.infinispan.spring.embedded.provider.SpringEmbeddedCacheManager' (OnClassCondition)

   InfluxDbAutoConfiguration:
      Did not match:
         - @ConditionalOnClass did not find required class 'org.influxdb.InfluxDB' (OnClassCondition)

   IntegrationAutoConfiguration:
      Did not match:
         - @ConditionalOnClass did not find required class 'org.springframework.integration.config.EnableIntegration' (OnClassCondition)

   JCacheCacheConfiguration:
      Did not match:
         - @ConditionalOnClass did not find required class 'javax.cache.Caching' (OnClassCondition)

   JacksonHttpMessageConvertersConfiguration.MappingJackson2XmlHttpMessageConverterConfiguration:
      Did not match:
         - @ConditionalOnClass did not find required class 'com.fasterxml.jackson.dataformat.xml.XmlMapper' (OnClassCondition)

   JdbcRepositoriesAutoConfiguration:
      Did not match:
         - @ConditionalOnClass did not find required class 'org.springframework.data.jdbc.repository.config.AbstractJdbcConfiguration' (OnClassCondition)

   JerseyAutoConfiguration:
      Did not match:
         - @ConditionalOnClass did not find required class 'org.glassfish.jersey.server.spring.SpringComponentProvider' (OnClassCondition)

   JmsAutoConfiguration:
      Did not match:
         - @ConditionalOnClass did not find required class 'jakarta.jms.Message' (OnClassCondition)

   JmxAutoConfiguration:
      Did not match:
         - @ConditionalOnProperty (spring.jmx.enabled=true) did not find property 'enabled' (OnPropertyCondition)
      Matched:
         - @ConditionalOnClass found required class 'org.springframework.jmx.export.MBeanExporter' (OnClassCondition)

   JndiConnectionFactoryAutoConfiguration:
      Did not match:
         - @ConditionalOnClass did not find required class 'org.springframework.jms.core.JmsTemplate' (OnClassCondition)

   JndiDataSourceAutoConfiguration:
      Did not match:
         - @ConditionalOnProperty (spring.datasource.jndi-name) did not find property 'jndi-name' (OnPropertyCondition)
      Matched:
         - @ConditionalOnClass found required classes 'javax.sql.DataSource', 'org.springframework.jdbc.datasource.embedded.EmbeddedDatabaseType' (OnClassCondition)

   JndiJtaConfiguration:
      Did not match:
         - @ConditionalOnJndi JNDI environment is not available (OnJndiCondition)
      Matched:
         - @ConditionalOnClass found required class 'org.springframework.transaction.jta.JtaTransactionManager' (OnClassCondition)

   JooqAutoConfiguration:
      Did not match:
         - @ConditionalOnClass did not find required class 'org.jooq.DSLContext' (OnClassCondition)

   JpaBaseConfiguration.JpaWebConfiguration:
      Did not match:
         - @ConditionalOnProperty (spring.jpa.open-in-view=true) found different value in property 'open-in-view' (OnPropertyCondition)
      Matched:
         - @ConditionalOnClass found required class 'org.springframework.web.servlet.config.annotation.WebMvcConfigurer' (OnClassCondition)
         - found 'session' scope (OnWebApplicationCondition)

   JpaRepositoriesAutoConfiguration#entityManagerFactoryBootstrapExecutorCustomizer:
      Did not match:
         - AnyNestedCondition 0 matched 2 did not; NestedCondition on JpaRepositoriesAutoConfiguration.BootstrapExecutorCondition.LazyBootstrapMode @ConditionalOnProperty (spring.data.jpa.repositories.bootstrap-mode=lazy) did not find property 'bootstrap-mode'; NestedCondition on JpaRepositoriesAutoConfiguration.BootstrapExecutorCondition.DeferredBootstrapMode @ConditionalOnProperty (spring.data.jpa.repositories.bootstrap-mode=deferred) did not find property 'bootstrap-mode' (JpaRepositoriesAutoConfiguration.BootstrapExecutorCondition)

   JsonbAutoConfiguration:
      Did not match:
         - @ConditionalOnClass did not find required class 'jakarta.json.bind.Jsonb' (OnClassCondition)

   JsonbHttpMessageConvertersConfiguration:
      Did not match:
         - @ConditionalOnClass did not find required class 'jakarta.json.bind.Jsonb' (OnClassCondition)

   KafkaAutoConfiguration:
      Did not match:
         - @ConditionalOnClass did not find required class 'org.springframework.kafka.core.KafkaTemplate' (OnClassCondition)

   LdapAutoConfiguration:
      Did not match:
         - @ConditionalOnClass did not find required class 'org.springframework.ldap.core.ContextSource' (OnClassCondition)

   LdapRepositoriesAutoConfiguration:
      Did not match:
         - @ConditionalOnClass did not find required class 'org.springframework.data.ldap.repository.LdapRepository' (OnClassCondition)

   LiquibaseAutoConfiguration:
      Did not match:
         - @ConditionalOnClass did not find required class 'liquibase.change.DatabaseChange' (OnClassCondition)

   MailSenderAutoConfiguration:
      Did not match:
         - @ConditionalOnClass did not find required class 'jakarta.mail.internet.MimeMessage' (OnClassCondition)

   MailSenderValidatorAutoConfiguration:
      Did not match:
         - @ConditionalOnSingleCandidate did not find required type 'org.springframework.mail.javamail.JavaMailSenderImpl' (OnBeanCondition)

   MessageSourceAutoConfiguration:
      Did not match:
         - ResourceBundle did not find bundle with basename messages (MessageSourceAutoConfiguration.ResourceBundleCondition)

   MongoAutoConfiguration:
      Did not match:
         - @ConditionalOnClass did not find required class 'com.mongodb.client.MongoClient' (OnClassCondition)

   MongoDataAutoConfiguration:
      Did not match:
         - @ConditionalOnClass did not find required class 'com.mongodb.client.MongoClient' (OnClassCondition)

   MongoReactiveAutoConfiguration:
      Did not match:
         - @ConditionalOnClass did not find required class 'com.mongodb.reactivestreams.client.MongoClient' (OnClassCondition)

   MongoReactiveDataAutoConfiguration:
      Did not match:
         - @ConditionalOnClass did not find required class 'com.mongodb.reactivestreams.client.MongoClient' (OnClassCondition)

   MongoReactiveRepositoriesAutoConfiguration:
      Did not match:
         - @ConditionalOnClass did not find required class 'com.mongodb.reactivestreams.client.MongoClient' (OnClassCondition)

   MongoRepositoriesAutoConfiguration:
      Did not match:
         - @ConditionalOnClass did not find required class 'com.mongodb.client.MongoClient' (OnClassCondition)

   MustacheAutoConfiguration:
      Did not match:
         - @ConditionalOnClass did not find required class 'com.samskivert.mustache.Mustache' (OnClassCondition)

   Neo4jAutoConfiguration:
      Did not match:
         - @ConditionalOnClass did not find required class 'org.neo4j.driver.Driver' (OnClassCondition)

   Neo4jDataAutoConfiguration:
      Did not match:
         - @ConditionalOnClass did not find required class 'org.neo4j.driver.Driver' (OnClassCondition)

   Neo4jReactiveDataAutoConfiguration:
      Did not match:
         - @ConditionalOnClass did not find required class 'org.neo4j.driver.Driver' (OnClassCondition)

   Neo4jReactiveRepositoriesAutoConfiguration:
      Did not match:
         - @ConditionalOnClass did not find required class 'org.neo4j.driver.Driver' (OnClassCondition)

   Neo4jRepositoriesAutoConfiguration:
      Did not match:
         - @ConditionalOnClass did not find required class 'org.neo4j.driver.Driver' (OnClassCondition)

   NettyAutoConfiguration:
      Did not match:
         - @ConditionalOnClass did not find required class 'io.netty.util.NettyRuntime' (OnClassCondition)

   OAuth2AuthorizationServerAutoConfiguration:
      Did not match:
         - @ConditionalOnClass did not find required class 'org.springframework.security.oauth2.server.authorization.OAuth2Authorization' (OnClassCondition)

   OAuth2AuthorizationServerJwtAutoConfiguration:
      Did not match:
         - @ConditionalOnClass did not find required class 'org.springframework.security.oauth2.server.authorization.OAuth2Authorization' (OnClassCondition)

   OAuth2ClientAutoConfiguration:
      Did not match:
         - @ConditionalOnClass did not find required class 'org.springframework.security.oauth2.client.registration.ClientRegistration' (OnClassCondition)

   OAuth2ResourceServerAutoConfiguration:
      Did not match:
         - @ConditionalOnClass did not find required class 'org.springframework.security.oauth2.server.resource.authentication.BearerTokenAuthenticationToken' (OnClassCondition)

   ProjectInfoAutoConfiguration#buildProperties:
      Did not match:
         - @ConditionalOnResource did not find resource '${spring.info.build.location:classpath:META-INF/build-info.properties}' (OnResourceCondition)

   ProjectInfoAutoConfiguration#gitProperties:
      Did not match:
         - GitResource did not find git info at classpath:git.properties (ProjectInfoAutoConfiguration.GitResourceAvailableCondition)

   PulsarAutoConfiguration:
      Did not match:
         - @ConditionalOnClass did not find required class 'org.apache.pulsar.client.api.PulsarClient' (OnClassCondition)

   PulsarReactiveAutoConfiguration:
      Did not match:
         - @ConditionalOnClass did not find required class 'org.apache.pulsar.client.api.PulsarClient' (OnClassCondition)

   QuartzAutoConfiguration:
      Did not match:
         - @ConditionalOnClass did not find required class 'org.quartz.Scheduler' (OnClassCondition)

   R2dbcAutoConfiguration:
      Did not match:
         - @ConditionalOnClass did not find required class 'io.r2dbc.spi.ConnectionFactory' (OnClassCondition)

   R2dbcDataAutoConfiguration:
      Did not match:
         - @ConditionalOnClass did not find required class 'org.springframework.data.r2dbc.core.R2dbcEntityTemplate' (OnClassCondition)

   R2dbcInitializationConfiguration:
      Did not match:
         - @ConditionalOnClass did not find required classes 'io.r2dbc.spi.ConnectionFactory', 'org.springframework.r2dbc.connection.init.DatabasePopulator' (OnClassCondition)

   R2dbcRepositoriesAutoConfiguration:
      Did not match:
         - @ConditionalOnClass did not find required class 'io.r2dbc.spi.ConnectionFactory' (OnClassCondition)

   R2dbcTransactionManagerAutoConfiguration:
      Did not match:
         - @ConditionalOnClass did not find required class 'org.springframework.r2dbc.connection.R2dbcTransactionManager' (OnClassCondition)

   RSocketGraphQlClientAutoConfiguration:
      Did not match:
         - @ConditionalOnClass did not find required class 'graphql.GraphQL' (OnClassCondition)

   RSocketMessagingAutoConfiguration:
      Did not match:
         - @ConditionalOnClass did not find required class 'io.rsocket.RSocket' (OnClassCondition)

   RSocketRequesterAutoConfiguration:
      Did not match:
         - @ConditionalOnClass did not find required class 'io.rsocket.RSocket' (OnClassCondition)

   RSocketSecurityAutoConfiguration:
      Did not match:
         - @ConditionalOnClass did not find required class 'org.springframework.security.rsocket.core.SecuritySocketAcceptorInterceptor' (OnClassCondition)

   RSocketServerAutoConfiguration:
      Did not match:
         - @ConditionalOnClass did not find required class 'io.rsocket.core.RSocketServer' (OnClassCondition)

   RSocketStrategiesAutoConfiguration:
      Did not match:
         - @ConditionalOnClass did not find required class 'io.netty.buffer.PooledByteBufAllocator' (OnClassCondition)

   RabbitAutoConfiguration:
      Did not match:
         - @ConditionalOnClass did not find required class 'com.rabbitmq.client.Channel' (OnClassCondition)

   ReactiveElasticsearchClientAutoConfiguration:
      Did not match:
         - @ConditionalOnClass did not find required class 'co.elastic.clients.transport.ElasticsearchTransport' (OnClassCondition)

   ReactiveElasticsearchRepositoriesAutoConfiguration:
      Did not match:
         - @ConditionalOnClass did not find required class 'reactor.core.publisher.Mono' (OnClassCondition)

   ReactiveMultipartAutoConfiguration:
      Did not match:
         - @ConditionalOnClass did not find required class 'org.springframework.web.reactive.config.WebFluxConfigurer' (OnClassCondition)

   ReactiveOAuth2ClientAutoConfiguration:
      Did not match:
         - @ConditionalOnClass did not find required class 'reactor.core.publisher.Flux' (OnClassCondition)

   ReactiveOAuth2ResourceServerAutoConfiguration:
      Did not match:
         - @ConditionalOnWebApplication did not find reactive web application classes (OnWebApplicationCondition)

   ReactiveSecurityAutoConfiguration:
      Did not match:
         - @ConditionalOnClass did not find required class 'reactor.core.publisher.Flux' (OnClassCondition)

   ReactiveUserDetailsServiceAutoConfiguration:
      Did not match:
         - AnyNestedCondition 0 matched 2 did not; NestedCondition on ReactiveUserDetailsServiceAutoConfiguration.RSocketEnabledOrReactiveWebApplication.ReactiveWebApplicationCondition did not find reactive web application classes; NestedCondition on ReactiveUserDetailsServiceAutoConfiguration.RSocketEnabledOrReactiveWebApplication.RSocketSecurityEnabledCondition @ConditionalOnBean (types: org.springframework.messaging.rsocket.annotation.support.RSocketMessageHandler; SearchStrategy: all) did not find any beans of type org.springframework.messaging.rsocket.annotation.support.RSocketMessageHandler (ReactiveUserDetailsServiceAutoConfiguration.RSocketEnabledOrReactiveWebApplication)
      Matched:
         - @ConditionalOnClass found required class 'org.springframework.security.authentication.ReactiveAuthenticationManager' (OnClassCondition)
         - AnyNestedCondition 1 matched 2 did not; NestedCondition on ReactiveUserDetailsServiceAutoConfiguration.MissingAlternativeOrUserPropertiesConfigured.PasswordConfigured @ConditionalOnProperty (spring.security.user.password) did not find property 'password'; NestedCondition on ReactiveUserDetailsServiceAutoConfiguration.MissingAlternativeOrUserPropertiesConfigured.NameConfigured @ConditionalOnProperty (spring.security.user.name) did not find property 'name'; NestedCondition on ReactiveUserDetailsServiceAutoConfiguration.MissingAlternativeOrUserPropertiesConfigured.MissingAlternative @ConditionalOnMissingClass did not find unwanted classes 'org.springframework.security.oauth2.client.registration.ClientRegistrationRepository', 'org.springframework.security.oauth2.server.resource.introspection.ReactiveOpaqueTokenIntrospector' (ReactiveUserDetailsServiceAutoConfiguration.MissingAlternativeOrUserPropertiesConfigured)

   ReactiveWebServerFactoryAutoConfiguration:
      Did not match:
         - @ConditionalOnWebApplication did not find reactive web application classes (OnWebApplicationCondition)

   ReactorAutoConfiguration:
      Did not match:
         - @ConditionalOnClass did not find required class 'reactor.core.publisher.Hooks' (OnClassCondition)

   RedisAutoConfiguration:
      Did not match:
         - @ConditionalOnClass did not find required class 'org.springframework.data.redis.core.RedisOperations' (OnClassCondition)

   RedisCacheConfiguration:
      Did not match:
         - @ConditionalOnClass did not find required class 'org.springframework.data.redis.connection.RedisConnectionFactory' (OnClassCondition)

   RedisReactiveAutoConfiguration:
      Did not match:
         - @ConditionalOnClass did not find required class 'reactor.core.publisher.Flux' (OnClassCondition)

   RedisRepositoriesAutoConfiguration:
      Did not match:
         - @ConditionalOnClass did not find required class 'org.springframework.data.redis.repository.configuration.EnableRedisRepositories' (OnClassCondition)

   RepositoryRestMvcAutoConfiguration:
      Did not match:
         - @ConditionalOnClass did not find required class 'org.springframework.data.rest.webmvc.config.RepositoryRestMvcConfiguration' (OnClassCondition)

   Saml2RelyingPartyAutoConfiguration:
      Did not match:
         - @ConditionalOnClass did not find required class 'org.springframework.security.saml2.provider.service.registration.RelyingPartyRegistrationRepository' (OnClassCondition)

   SecurityDataConfiguration:
      Did not match:
         - @ConditionalOnClass did not find required class 'org.springframework.security.data.repository.query.SecurityEvaluationContextExtension' (OnClassCondition)

   SendGridAutoConfiguration:
      Did not match:
         - @ConditionalOnClass did not find required class 'com.sendgrid.SendGrid' (OnClassCondition)

   ServletWebServerFactoryAutoConfiguration.ForwardedHeaderFilterConfiguration:
      Did not match:
         - @ConditionalOnProperty (server.forward-headers-strategy=framework) did not find property 'server.forward-headers-strategy' (OnPropertyCondition)

   ServletWebServerFactoryConfiguration.EmbeddedJetty:
      Did not match:
         - @ConditionalOnClass did not find required classes 'org.eclipse.jetty.server.Server', 'org.eclipse.jetty.util.Loader', 'org.eclipse.jetty.ee10.webapp.WebAppContext' (OnClassCondition)

   ServletWebServerFactoryConfiguration.EmbeddedUndertow:
      Did not match:
         - @ConditionalOnClass did not find required classes 'io.undertow.Undertow', 'org.xnio.SslClientAuthMode' (OnClassCondition)

   SessionAutoConfiguration:
      Did not match:
         - @ConditionalOnClass did not find required class 'org.springframework.session.Session' (OnClassCondition)

   SpringApplicationAdminJmxAutoConfiguration:
      Did not match:
         - @ConditionalOnProperty (spring.application.admin.enabled=true) did not find property 'enabled' (OnPropertyCondition)

   SpringBootWebSecurityConfiguration.SecurityFilterChainConfiguration:
      Did not match:
         - AllNestedConditions 1 matched 1 did not; NestedCondition on DefaultWebSecurityCondition.Beans @ConditionalOnMissingBean (types: org.springframework.security.web.SecurityFilterChain; SearchStrategy: all) found beans of type 'org.springframework.security.web.SecurityFilterChain' securityFilterChain; NestedCondition on DefaultWebSecurityCondition.Classes @ConditionalOnClass found required classes 'org.springframework.security.web.SecurityFilterChain', 'org.springframework.security.config.annotation.web.builders.HttpSecurity' (DefaultWebSecurityCondition)

   TaskExecutorConfigurations.SimpleAsyncTaskExecutorBuilderConfiguration#simpleAsyncTaskExecutorBuilderVirtualThreads:
      Did not match:
         - @ConditionalOnMissingBean (types: org.springframework.boot.task.SimpleAsyncTaskExecutorBuilder; SearchStrategy: all) found beans of type 'org.springframework.boot.task.SimpleAsyncTaskExecutorBuilder' simpleAsyncTaskExecutorBuilder (OnBeanCondition)

   TaskExecutorConfigurations.TaskExecutorConfiguration#applicationTaskExecutorVirtualThreads:
      Did not match:
         - @ConditionalOnThreading did not find VIRTUAL (OnThreadingCondition)

   TaskSchedulingAutoConfiguration#scheduledBeanLazyInitializationExcludeFilter:
      Did not match:
         - @ConditionalOnBean (names: org.springframework.context.annotation.internalScheduledAnnotationProcessor; SearchStrategy: all) did not find any beans named org.springframework.context.annotation.internalScheduledAnnotationProcessor (OnBeanCondition)

   TaskSchedulingConfigurations.SimpleAsyncTaskSchedulerBuilderConfiguration#simpleAsyncTaskSchedulerBuilderVirtualThreads:
      Did not match:
         - @ConditionalOnMissingBean (types: org.springframework.boot.task.SimpleAsyncTaskSchedulerBuilder; SearchStrategy: all) found beans of type 'org.springframework.boot.task.SimpleAsyncTaskSchedulerBuilder' simpleAsyncTaskSchedulerBuilder (OnBeanCondition)

   TaskSchedulingConfigurations.TaskSchedulerConfiguration:
      Did not match:
         - @ConditionalOnBean (names: org.springframework.context.annotation.internalScheduledAnnotationProcessor; SearchStrategy: all) did not find any beans named org.springframework.context.annotation.internalScheduledAnnotationProcessor (OnBeanCondition)

   ThymeleafAutoConfiguration:
      Did not match:
         - @ConditionalOnClass did not find required class 'org.thymeleaf.spring6.SpringTemplateEngine' (OnClassCondition)

   TransactionAutoConfiguration#transactionalOperator:
      Did not match:
         - @ConditionalOnSingleCandidate (types: org.springframework.transaction.ReactiveTransactionManager; SearchStrategy: all) did not find any beans (OnBeanCondition)

   TransactionAutoConfiguration.AspectJTransactionManagementConfiguration:
      Did not match:
         - @ConditionalOnBean (types: org.springframework.transaction.aspectj.AbstractTransactionAspect; SearchStrategy: all) did not find any beans of type org.springframework.transaction.aspectj.AbstractTransactionAspect (OnBeanCondition)

   TransactionAutoConfiguration.EnableTransactionManagementConfiguration.JdkDynamicAutoProxyConfiguration:
      Did not match:
         - @ConditionalOnProperty (spring.aop.proxy-target-class=false) did not find property 'proxy-target-class' (OnPropertyCondition)

   WebClientAutoConfiguration:
      Did not match:
         - @ConditionalOnClass did not find required class 'org.springframework.web.reactive.function.client.WebClient' (OnClassCondition)

   WebFluxAutoConfiguration:
      Did not match:
         - @ConditionalOnClass did not find required class 'org.springframework.web.reactive.config.WebFluxConfigurer' (OnClassCondition)

   WebMvcAutoConfiguration#hiddenHttpMethodFilter:
      Did not match:
         - @ConditionalOnProperty (spring.mvc.hiddenmethod.filter.enabled) did not find property 'enabled' (OnPropertyCondition)

   WebMvcAutoConfiguration.ProblemDetailsErrorHandlingConfiguration:
      Did not match:
         - @ConditionalOnProperty (spring.mvc.problemdetails.enabled=true) did not find property 'enabled' (OnPropertyCondition)

   WebMvcAutoConfiguration.ResourceChainCustomizerConfiguration:
      Did not match:
         - @ConditionalOnEnabledResourceChain did not find class org.webjars.WebJarAssetLocator (OnEnabledResourceChainCondition)

   WebMvcAutoConfiguration.WebMvcAutoConfigurationAdapter#beanNameViewResolver:
      Did not match:
         - @ConditionalOnMissingBean (types: org.springframework.web.servlet.view.BeanNameViewResolver; SearchStrategy: all) found beans of type 'org.springframework.web.servlet.view.BeanNameViewResolver' beanNameViewResolver (OnBeanCondition)

   WebServiceTemplateAutoConfiguration:
      Did not match:
         - @ConditionalOnClass did not find required class 'org.springframework.oxm.Marshaller' (OnClassCondition)

   WebServicesAutoConfiguration:
      Did not match:
         - @ConditionalOnClass did not find required class 'org.springframework.ws.transport.http.MessageDispatcherServlet' (OnClassCondition)

   WebSessionIdResolverAutoConfiguration:
      Did not match:
         - @ConditionalOnClass did not find required class 'reactor.core.publisher.Mono' (OnClassCondition)

   WebSocketMessagingAutoConfiguration:
      Did not match:
         - @ConditionalOnClass did not find required class 'org.springframework.web.socket.config.annotation.WebSocketMessageBrokerConfigurer' (OnClassCondition)

   WebSocketReactiveAutoConfiguration:
      Did not match:
         - @ConditionalOnWebApplication did not find reactive web application classes (OnWebApplicationCondition)

   WebSocketServletAutoConfiguration.JettyWebSocketConfiguration:
      Did not match:
         - @ConditionalOnClass did not find required class 'org.eclipse.jetty.ee10.websocket.jakarta.server.config.JakartaWebSocketServletContainerInitializer' (OnClassCondition)

   WebSocketServletAutoConfiguration.UndertowWebSocketConfiguration:
      Did not match:
         - @ConditionalOnClass did not find required class 'io.undertow.websockets.jsr.Bootstrap' (OnClassCondition)

   XADataSourceAutoConfiguration:
      Did not match:
         - @ConditionalOnBean (types: org.springframework.boot.jdbc.XADataSourceWrapper; SearchStrategy: all) did not find any beans of type org.springframework.boot.jdbc.XADataSourceWrapper (OnBeanCondition)
      Matched:
         - @ConditionalOnClass found required classes 'javax.sql.DataSource', 'jakarta.transaction.TransactionManager', 'org.springframework.jdbc.datasource.embedded.EmbeddedDatabaseType' (OnClassCondition)


Exclusions:
-----------

    None


Unconditional classes:
----------------------

    org.springframework.boot.autoconfigure.context.ConfigurationPropertiesAutoConfiguration

    org.springframework.boot.autoconfigure.ssl.SslAutoConfiguration

    org.springframework.boot.autoconfigure.context.LifecycleAutoConfiguration

    org.springframework.boot.autoconfigure.context.PropertyPlaceholderAutoConfiguration

    org.springframework.boot.autoconfigure.availability.ApplicationAvailabilityAutoConfiguration

    org.springframework.boot.autoconfigure.info.ProjectInfoAutoConfiguration



2026-08-31T15:10:43.975-03:00  INFO 82908 --- [quantota] [           main] br.com.quantota.QuantotaApplication      : Started QuantotaApplication in 17.611 seconds (process running for 17.952)
2026-08-31T15:10:43.976-03:00 DEBUG 82908 --- [quantota] [           main] o.s.b.a.ApplicationAvailabilityBean      : Application availability state LivenessState changed to CORRECT
2026-08-31T15:10:43.983-03:00 DEBUG 82908 --- [quantota] [           main] o.s.b.a.ApplicationAvailabilityBean      : Application availability state ReadinessState changed to ACCEPTING_TRAFFIC
2026-08-31T15:35:10.646-03:00  INFO 82908 --- [quantota] [nio-8080-exec-1] o.a.c.c.C.[Tomcat].[localhost].[/]       : Initializing Spring DispatcherServlet 'dispatcherServlet'
2026-08-31T15:35:10.647-03:00  INFO 82908 --- [quantota] [nio-8080-exec-1] o.s.web.servlet.DispatcherServlet        : Initializing Servlet 'dispatcherServlet'
2026-08-31T15:35:10.647-03:00 DEBUG 82908 --- [quantota] [nio-8080-exec-1] o.s.web.servlet.DispatcherServlet        : Detected StandardServletMultipartResolver
2026-08-31T15:35:10.647-03:00 DEBUG 82908 --- [quantota] [nio-8080-exec-1] o.s.web.servlet.DispatcherServlet        : Detected AcceptHeaderLocaleResolver
2026-08-31T15:35:10.647-03:00 DEBUG 82908 --- [quantota] [nio-8080-exec-1] o.s.web.servlet.DispatcherServlet        : Detected FixedThemeResolver
2026-08-31T15:35:10.651-03:00 DEBUG 82908 --- [quantota] [nio-8080-exec-1] o.s.web.servlet.DispatcherServlet        : Detected org.springframework.web.servlet.view.DefaultRequestToViewNameTranslator@2c59b9f4
2026-08-31T15:35:10.651-03:00 DEBUG 82908 --- [quantota] [nio-8080-exec-1] o.s.web.servlet.DispatcherServlet        : Detected org.springframework.web.servlet.support.SessionFlashMapManager@2087181d
2026-08-31T15:35:10.651-03:00 DEBUG 82908 --- [quantota] [nio-8080-exec-1] o.s.web.servlet.DispatcherServlet        : enableLoggingRequestDetails='false': request parameters and headers will be masked to prevent unsafe logging of potentially sensitive data
2026-08-31T15:35:10.651-03:00  INFO 82908 --- [quantota] [nio-8080-exec-1] o.s.web.servlet.DispatcherServlet        : Completed initialization in 4 ms
2026-08-31T15:35:10.680-03:00 DEBUG 82908 --- [quantota] [nio-8080-exec-2] o.s.web.servlet.DispatcherServlet        : POST "/auth/login", parameters={}
2026-08-31T15:35:10.681-03:00 DEBUG 82908 --- [quantota] [nio-8080-exec-2] s.w.s.m.m.a.RequestMappingHandlerMapping : Mapped to br.com.quantota.controller.AuthController#login(LoginRequestDTO)
2026-08-31T15:35:10.722-03:00 DEBUG 82908 --- [quantota] [nio-8080-exec-2] m.m.a.RequestResponseBodyMethodProcessor : Read "application/json;charset=UTF-8" to [br.com.quantota.dto.LoginRequestDTO@35bab1c5]
2026-08-31T15:35:10.793-03:00 DEBUG 82908 --- [quantota] [nio-8080-exec-2] org.hibernate.SQL                        : 
    select
        u1_0.id,
        u1_0.ativo,
        u1_0.data_criacao,
        u1_0.email,
        u1_0.nome,
        u1_0.perfil,
        u1_0.senha,
        u1_0.telefone 
    from
        usuarios u1_0 
    where
        u1_0.email=?
Hibernate: 
    select
        u1_0.id,
        u1_0.ativo,
        u1_0.data_criacao,
        u1_0.email,
        u1_0.nome,
        u1_0.perfil,
        u1_0.senha,
        u1_0.telefone 
    from
        usuarios u1_0 
    where
        u1_0.email=?
2026-08-31T15:35:11.288-03:00 DEBUG 82908 --- [quantota] [nio-8080-exec-2] o.s.w.s.m.m.a.HttpEntityMethodProcessor  : Using 'application/json', given [application/json, text/plain, */*] and supported [application/json, application/*+json]
2026-08-31T15:35:11.288-03:00 DEBUG 82908 --- [quantota] [nio-8080-exec-2] o.s.w.s.m.m.a.HttpEntityMethodProcessor  : Writing [br.com.quantota.dto.LoginResponseDTO@27818573]
2026-08-31T15:35:11.291-03:00 DEBUG 82908 --- [quantota] [nio-8080-exec-2] o.s.web.servlet.DispatcherServlet        : Completed 200 OK
2026-08-31T15:35:11.346-03:00 DEBUG 82908 --- [quantota] [nio-8080-exec-4] o.s.web.servlet.DispatcherServlet        : GET "/dashboard", parameters={}
2026-08-31T15:35:11.346-03:00 DEBUG 82908 --- [quantota] [nio-8080-exec-4] o.s.w.s.handler.SimpleUrlHandlerMapping  : Mapped to ResourceHttpRequestHandler [classpath [META-INF/resources/], classpath [resources/], classpath [static/], classpath [public/], ServletContext [/]]
2026-08-31T15:35:11.348-03:00 DEBUG 82908 --- [quantota] [nio-8080-exec-4] o.s.w.s.r.ResourceHttpRequestHandler     : Resource not found
2026-08-31T15:35:11.350-03:00 DEBUG 82908 --- [quantota] [nio-8080-exec-4] .w.s.m.s.DefaultHandlerExceptionResolver : Resolved [org.springframework.web.servlet.resource.NoResourceFoundException: No static resource dashboard.]
2026-08-31T15:35:11.350-03:00 DEBUG 82908 --- [quantota] [nio-8080-exec-4] o.s.web.servlet.DispatcherServlet        : Completed 404 NOT_FOUND
2026-08-31T15:35:11.359-03:00 DEBUG 82908 --- [quantota] [nio-8080-exec-7] o.s.web.servlet.DispatcherServlet        : GET "/produtos", parameters={}
2026-08-31T15:35:11.359-03:00 DEBUG 82908 --- [quantota] [nio-8080-exec-7] s.w.s.m.m.a.RequestMappingHandlerMapping : Mapped to br.com.quantota.controller.ProdutoController#listar()
2026-08-31T15:35:11.363-03:00 DEBUG 82908 --- [quantota] [io-8080-exec-10] o.s.web.servlet.DispatcherServlet        : GET "/precos", parameters={}
2026-08-31T15:35:11.363-03:00 DEBUG 82908 --- [quantota] [nio-8080-exec-9] o.s.web.servlet.DispatcherServlet        : GET "/mercados", parameters={}
2026-08-31T15:35:11.363-03:00 DEBUG 82908 --- [quantota] [io-8080-exec-10] s.w.s.m.m.a.RequestMappingHandlerMapping : Mapped to br.com.quantota.controller.PrecoController#listar()
2026-08-31T15:35:11.363-03:00 DEBUG 82908 --- [quantota] [nio-8080-exec-9] s.w.s.m.m.a.RequestMappingHandlerMapping : Mapped to br.com.quantota.controller.MercadoController#listar()
2026-08-31T15:35:11.364-03:00 DEBUG 82908 --- [quantota] [nio-8080-exec-7] org.hibernate.SQL                        : 
    select
        p1_0.id,
        p1_0.ativo,
        p1_0.categoria,
        p1_0.descricao,
        p1_0.marca,
        p1_0.nome,
        p1_0.unidade_medida 
    from
        produtos p1_0 
    where
        p1_0.ativo
Hibernate: 
    select
        p1_0.id,
        p1_0.ativo,
        p1_0.categoria,
        p1_0.descricao,
        p1_0.marca,
        p1_0.nome,
        p1_0.unidade_medida 
    from
        produtos p1_0 
    where
        p1_0.ativo
2026-08-31T15:35:11.364-03:00 DEBUG 82908 --- [quantota] [nio-8080-exec-9] org.hibernate.SQL                        : 
    select
        m1_0.id,
        m1_0.ativo,
        m1_0.bairro,
        m1_0.cidade,
        m1_0.endereco,
        m1_0.estado,
        m1_0.nome,
        m1_0.telefone 
    from
        mercados m1_0 
    where
        m1_0.ativo
Hibernate: 
    select
        m1_0.id,
        m1_0.ativo,
        m1_0.bairro,
        m1_0.cidade,
        m1_0.endereco,
        m1_0.estado,
        m1_0.nome,
        m1_0.telefone 
    from
        mercados m1_0 
    where
        m1_0.ativo
2026-08-31T15:35:11.526-03:00 DEBUG 82908 --- [quantota] [nio-8080-exec-7] m.m.a.RequestResponseBodyMethodProcessor : Using 'application/json', given [application/json, text/plain, */*] and supported [application/json, application/*+json]
2026-08-31T15:35:11.526-03:00 DEBUG 82908 --- [quantota] [nio-8080-exec-7] m.m.a.RequestResponseBodyMethodProcessor : Writing [[]]
2026-08-31T15:35:11.529-03:00 DEBUG 82908 --- [quantota] [nio-8080-exec-7] o.s.web.servlet.DispatcherServlet        : Completed 200 OK
2026-08-31T15:35:11.541-03:00 DEBUG 82908 --- [quantota] [io-8080-exec-10] org.hibernate.SQL                        : 
    select
        p1_0.id,
        p1_0.data_atualizacao,
        p1_0.data_cadastro,
        p1_0.data_coleta,
        p1_0.mercado_id,
        p1_0.observacao,
        p1_0.produto_id,
        p1_0.usuario_cadastro_id,
        p1_0.valor 
    from
        precos p1_0
Hibernate: 
    select
        p1_0.id,
        p1_0.data_atualizacao,
        p1_0.data_cadastro,
        p1_0.data_coleta,
        p1_0.mercado_id,
        p1_0.observacao,
        p1_0.produto_id,
        p1_0.usuario_cadastro_id,
        p1_0.valor 
    from
        precos p1_0
2026-08-31T15:35:11.726-03:00 DEBUG 82908 --- [quantota] [nio-8080-exec-9] m.m.a.RequestResponseBodyMethodProcessor : Using 'application/json', given [application/json, text/plain, */*] and supported [application/json, application/*+json]
2026-08-31T15:35:11.726-03:00 DEBUG 82908 --- [quantota] [nio-8080-exec-9] m.m.a.RequestResponseBodyMethodProcessor : Writing [[]]
2026-08-31T15:35:11.727-03:00 DEBUG 82908 --- [quantota] [nio-8080-exec-9] o.s.web.servlet.DispatcherServlet        : Completed 200 OK
2026-08-31T15:35:11.909-03:00 DEBUG 82908 --- [quantota] [io-8080-exec-10] m.m.a.RequestResponseBodyMethodProcessor : Using 'application/json', given [application/json, text/plain, */*] and supported [application/json, application/*+json]
2026-08-31T15:35:11.909-03:00 DEBUG 82908 --- [quantota] [io-8080-exec-10] m.m.a.RequestResponseBodyMethodProcessor : Writing [[]]
2026-08-31T15:35:11.909-03:00 DEBUG 82908 --- [quantota] [io-8080-exec-10] o.s.web.servlet.DispatcherServlet        : Completed 200 OK
2026-08-31T15:38:18.156-03:00 DEBUG 82908 --- [quantota] [nio-8080-exec-4] o.s.web.servlet.DispatcherServlet        : GET "/dashboard", parameters={}
2026-08-31T15:38:18.157-03:00 DEBUG 82908 --- [quantota] [nio-8080-exec-4] o.s.w.s.handler.SimpleUrlHandlerMapping  : Mapped to ResourceHttpRequestHandler [classpath [META-INF/resources/], classpath [resources/], classpath [static/], classpath [public/], ServletContext [/]]
2026-08-31T15:38:18.161-03:00 DEBUG 82908 --- [quantota] [nio-8080-exec-4] o.s.w.s.r.ResourceHttpRequestHandler     : Resource not found
2026-08-31T15:38:18.161-03:00 DEBUG 82908 --- [quantota] [nio-8080-exec-4] .w.s.m.s.DefaultHandlerExceptionResolver : Resolved [org.springframework.web.servlet.resource.NoResourceFoundException: No static resource dashboard.]
2026-08-31T15:38:18.161-03:00 DEBUG 82908 --- [quantota] [nio-8080-exec-4] o.s.web.servlet.DispatcherServlet        : Completed 404 NOT_FOUND
2026-08-31T15:38:18.170-03:00 DEBUG 82908 --- [quantota] [nio-8080-exec-6] o.s.web.servlet.DispatcherServlet        : GET "/mercados", parameters={}
2026-08-31T15:38:18.170-03:00 DEBUG 82908 --- [quantota] [nio-8080-exec-5] o.s.web.servlet.DispatcherServlet        : GET "/produtos", parameters={}
2026-08-31T15:38:18.170-03:00 DEBUG 82908 --- [quantota] [nio-8080-exec-6] s.w.s.m.m.a.RequestMappingHandlerMapping : Mapped to br.com.quantota.controller.MercadoController#listar()
2026-08-31T15:38:18.170-03:00 DEBUG 82908 --- [quantota] [nio-8080-exec-5] s.w.s.m.m.a.RequestMappingHandlerMapping : Mapped to br.com.quantota.controller.ProdutoController#listar()
2026-08-31T15:38:18.171-03:00 DEBUG 82908 --- [quantota] [nio-8080-exec-6] org.hibernate.SQL                        : 
    select
        m1_0.id,
        m1_0.ativo,
        m1_0.bairro,
        m1_0.cidade,
        m1_0.endereco,
        m1_0.estado,
        m1_0.nome,
        m1_0.telefone 
    from
        mercados m1_0 
    where
        m1_0.ativo
Hibernate: 
    select
        m1_0.id,
        m1_0.ativo,
        m1_0.bairro,
        m1_0.cidade,
        m1_0.endereco,
        m1_0.estado,
        m1_0.nome,
        m1_0.telefone 
    from
        mercados m1_0 
    where
        m1_0.ativo
2026-08-31T15:38:18.171-03:00 DEBUG 82908 --- [quantota] [nio-8080-exec-5] org.hibernate.SQL                        : 
    select
        p1_0.id,
        p1_0.ativo,
        p1_0.categoria,
        p1_0.descricao,
        p1_0.marca,
        p1_0.nome,
        p1_0.unidade_medida 
    from
        produtos p1_0 
    where
        p1_0.ativo
Hibernate: 
    select
        p1_0.id,
        p1_0.ativo,
        p1_0.categoria,
        p1_0.descricao,
        p1_0.marca,
        p1_0.nome,
        p1_0.unidade_medida 
    from
        produtos p1_0 
    where
        p1_0.ativo
2026-08-31T15:38:18.175-03:00 DEBUG 82908 --- [quantota] [nio-8080-exec-8] o.s.web.servlet.DispatcherServlet        : GET "/precos", parameters={}
2026-08-31T15:38:18.175-03:00 DEBUG 82908 --- [quantota] [nio-8080-exec-8] s.w.s.m.m.a.RequestMappingHandlerMapping : Mapped to br.com.quantota.controller.PrecoController#listar()
2026-08-31T15:38:18.330-03:00 DEBUG 82908 --- [quantota] [nio-8080-exec-8] org.hibernate.SQL                        : 
    select
        p1_0.id,
        p1_0.data_atualizacao,
        p1_0.data_cadastro,
        p1_0.data_coleta,
        p1_0.mercado_id,
        p1_0.observacao,
        p1_0.produto_id,
        p1_0.usuario_cadastro_id,
        p1_0.valor 
    from
        precos p1_0
Hibernate: 
    select
        p1_0.id,
        p1_0.data_atualizacao,
        p1_0.data_cadastro,
        p1_0.data_coleta,
        p1_0.mercado_id,
        p1_0.observacao,
        p1_0.produto_id,
        p1_0.usuario_cadastro_id,
        p1_0.valor 
    from
        precos p1_0
2026-08-31T15:38:18.482-03:00 DEBUG 82908 --- [quantota] [nio-8080-exec-5] m.m.a.RequestResponseBodyMethodProcessor : Using 'application/json', given [application/json, text/plain, */*] and supported [application/json, application/*+json]
2026-08-31T15:38:18.482-03:00 DEBUG 82908 --- [quantota] [nio-8080-exec-6] m.m.a.RequestResponseBodyMethodProcessor : Using 'application/json', given [application/json, text/plain, */*] and supported [application/json, application/*+json]
2026-08-31T15:38:18.482-03:00 DEBUG 82908 --- [quantota] [nio-8080-exec-5] m.m.a.RequestResponseBodyMethodProcessor : Writing [[]]
2026-08-31T15:38:18.482-03:00 DEBUG 82908 --- [quantota] [nio-8080-exec-6] m.m.a.RequestResponseBodyMethodProcessor : Writing [[]]
2026-08-31T15:38:18.483-03:00 DEBUG 82908 --- [quantota] [nio-8080-exec-6] o.s.web.servlet.DispatcherServlet        : Completed 200 OK
2026-08-31T15:38:18.483-03:00 DEBUG 82908 --- [quantota] [nio-8080-exec-5] o.s.web.servlet.DispatcherServlet        : Completed 200 OK
2026-08-31T15:38:18.644-03:00 DEBUG 82908 --- [quantota] [nio-8080-exec-8] m.m.a.RequestResponseBodyMethodProcessor : Using 'application/json', given [application/json, text/plain, */*] and supported [application/json, application/*+json]
2026-08-31T15:38:18.645-03:00 DEBUG 82908 --- [quantota] [nio-8080-exec-8] m.m.a.RequestResponseBodyMethodProcessor : Writing [[]]
2026-08-31T15:38:18.645-03:00 DEBUG 82908 --- [quantota] [nio-8080-exec-8] o.s.web.servlet.DispatcherServlet        : Completed 200 OK
2026-08-31T16:07:17.909-03:00 DEBUG 82908 --- [quantota] [nio-8080-exec-2] o.s.web.servlet.DispatcherServlet        : GET "/dashboard", parameters={}
2026-08-31T16:07:17.909-03:00 DEBUG 82908 --- [quantota] [nio-8080-exec-2] o.s.w.s.handler.SimpleUrlHandlerMapping  : Mapped to ResourceHttpRequestHandler [classpath [META-INF/resources/], classpath [resources/], classpath [static/], classpath [public/], ServletContext [/]]
2026-08-31T16:07:17.913-03:00 DEBUG 82908 --- [quantota] [nio-8080-exec-2] o.s.w.s.r.ResourceHttpRequestHandler     : Resource not found
2026-08-31T16:07:17.913-03:00 DEBUG 82908 --- [quantota] [nio-8080-exec-2] .w.s.m.s.DefaultHandlerExceptionResolver : Resolved [org.springframework.web.servlet.resource.NoResourceFoundException: No static resource dashboard.]
2026-08-31T16:07:17.914-03:00 DEBUG 82908 --- [quantota] [nio-8080-exec-2] o.s.web.servlet.DispatcherServlet        : Completed 404 NOT_FOUND
2026-08-31T16:07:17.922-03:00 DEBUG 82908 --- [quantota] [nio-8080-exec-6] o.s.web.servlet.DispatcherServlet        : GET "/produtos", parameters={}
2026-08-31T16:07:17.922-03:00 DEBUG 82908 --- [quantota] [nio-8080-exec-6] s.w.s.m.m.a.RequestMappingHandlerMapping : Mapped to br.com.quantota.controller.ProdutoController#listar()
2026-08-31T16:07:17.924-03:00 DEBUG 82908 --- [quantota] [nio-8080-exec-6] org.hibernate.SQL                        : 
    select
        p1_0.id,
        p1_0.ativo,
        p1_0.categoria,
        p1_0.descricao,
        p1_0.marca,
        p1_0.nome,
        p1_0.unidade_medida 
    from
        produtos p1_0 
    where
        p1_0.ativo
Hibernate: 
    select
        p1_0.id,
        p1_0.ativo,
        p1_0.categoria,
        p1_0.descricao,
        p1_0.marca,
        p1_0.nome,
        p1_0.unidade_medida 
    from
        produtos p1_0 
    where
        p1_0.ativo
2026-08-31T16:07:17.926-03:00 DEBUG 82908 --- [quantota] [nio-8080-exec-8] o.s.web.servlet.DispatcherServlet        : GET "/mercados", parameters={}
2026-08-31T16:07:17.926-03:00 DEBUG 82908 --- [quantota] [nio-8080-exec-8] s.w.s.m.m.a.RequestMappingHandlerMapping : Mapped to br.com.quantota.controller.MercadoController#listar()
2026-08-31T16:07:17.928-03:00 DEBUG 82908 --- [quantota] [nio-8080-exec-7] o.s.web.servlet.DispatcherServlet        : GET "/precos", parameters={}
2026-08-31T16:07:17.928-03:00 DEBUG 82908 --- [quantota] [nio-8080-exec-7] s.w.s.m.m.a.RequestMappingHandlerMapping : Mapped to br.com.quantota.controller.PrecoController#listar()
2026-08-31T16:07:17.928-03:00 DEBUG 82908 --- [quantota] [nio-8080-exec-8] org.hibernate.SQL                        : 
    select
        m1_0.id,
        m1_0.ativo,
        m1_0.bairro,
        m1_0.cidade,
        m1_0.endereco,
        m1_0.estado,
        m1_0.nome,
        m1_0.telefone 
    from
        mercados m1_0 
    where
        m1_0.ativo
Hibernate: 
    select
        m1_0.id,
        m1_0.ativo,
        m1_0.bairro,
        m1_0.cidade,
        m1_0.endereco,
        m1_0.estado,
        m1_0.nome,
        m1_0.telefone 
    from
        mercados m1_0 
    where
        m1_0.ativo
2026-08-31T16:07:18.085-03:00 DEBUG 82908 --- [quantota] [nio-8080-exec-7] org.hibernate.SQL                        : 
    select
        p1_0.id,
        p1_0.data_atualizacao,
        p1_0.data_cadastro,
        p1_0.data_coleta,
        p1_0.mercado_id,
        p1_0.observacao,
        p1_0.produto_id,
        p1_0.usuario_cadastro_id,
        p1_0.valor 
    from
        precos p1_0
Hibernate: 
    select
        p1_0.id,
        p1_0.data_atualizacao,
        p1_0.data_cadastro,
        p1_0.data_coleta,
        p1_0.mercado_id,
        p1_0.observacao,
        p1_0.produto_id,
        p1_0.usuario_cadastro_id,
        p1_0.valor 
    from
        precos p1_0
2026-08-31T16:07:18.276-03:00 DEBUG 82908 --- [quantota] [nio-8080-exec-6] m.m.a.RequestResponseBodyMethodProcessor : Using 'application/json', given [application/json, text/plain, */*] and supported [application/json, application/*+json]
2026-08-31T16:07:18.277-03:00 DEBUG 82908 --- [quantota] [nio-8080-exec-6] m.m.a.RequestResponseBodyMethodProcessor : Writing [[]]
2026-08-31T16:07:18.277-03:00 DEBUG 82908 --- [quantota] [nio-8080-exec-6] o.s.web.servlet.DispatcherServlet        : Completed 200 OK
2026-08-31T16:07:18.279-03:00 DEBUG 82908 --- [quantota] [nio-8080-exec-8] m.m.a.RequestResponseBodyMethodProcessor : Using 'application/json', given [application/json, text/plain, */*] and supported [application/json, application/*+json]
2026-08-31T16:07:18.279-03:00 DEBUG 82908 --- [quantota] [nio-8080-exec-8] m.m.a.RequestResponseBodyMethodProcessor : Writing [[]]
2026-08-31T16:07:18.279-03:00 DEBUG 82908 --- [quantota] [nio-8080-exec-8] o.s.web.servlet.DispatcherServlet        : Completed 200 OK
2026-08-31T16:07:18.408-03:00 DEBUG 82908 --- [quantota] [nio-8080-exec-7] m.m.a.RequestResponseBodyMethodProcessor : Using 'application/json', given [application/json, text/plain, */*] and supported [application/json, application/*+json]
2026-08-31T16:07:18.408-03:00 DEBUG 82908 --- [quantota] [nio-8080-exec-7] m.m.a.RequestResponseBodyMethodProcessor : Writing [[]]
2026-08-31T16:07:18.409-03:00 DEBUG 82908 --- [quantota] [nio-8080-exec-7] o.s.web.servlet.DispatcherServlet        : Completed 200 OK
2026-08-31T16:08:21.094-03:00 DEBUG 82908 --- [quantota] [nio-8080-exec-2] o.s.web.servlet.DispatcherServlet        : GET "/dashboard", parameters={}
2026-08-31T16:08:21.094-03:00 DEBUG 82908 --- [quantota] [nio-8080-exec-2] o.s.w.s.handler.SimpleUrlHandlerMapping  : Mapped to ResourceHttpRequestHandler [classpath [META-INF/resources/], classpath [resources/], classpath [static/], classpath [public/], ServletContext [/]]
2026-08-31T16:08:21.096-03:00 DEBUG 82908 --- [quantota] [nio-8080-exec-2] o.s.w.s.r.ResourceHttpRequestHandler     : Resource not found
2026-08-31T16:08:21.097-03:00 DEBUG 82908 --- [quantota] [nio-8080-exec-2] .w.s.m.s.DefaultHandlerExceptionResolver : Resolved [org.springframework.web.servlet.resource.NoResourceFoundException: No static resource dashboard.]
2026-08-31T16:08:21.097-03:00 DEBUG 82908 --- [quantota] [nio-8080-exec-2] o.s.web.servlet.DispatcherServlet        : Completed 404 NOT_FOUND
2026-08-31T16:08:21.103-03:00 DEBUG 82908 --- [quantota] [nio-8080-exec-3] o.s.web.servlet.DispatcherServlet        : GET "/produtos", parameters={}
2026-08-31T16:08:21.104-03:00 DEBUG 82908 --- [quantota] [nio-8080-exec-3] s.w.s.m.m.a.RequestMappingHandlerMapping : Mapped to br.com.quantota.controller.ProdutoController#listar()
2026-08-31T16:08:21.104-03:00 DEBUG 82908 --- [quantota] [nio-8080-exec-5] o.s.web.servlet.DispatcherServlet        : GET "/mercados", parameters={}
2026-08-31T16:08:21.104-03:00 DEBUG 82908 --- [quantota] [nio-8080-exec-5] s.w.s.m.m.a.RequestMappingHandlerMapping : Mapped to br.com.quantota.controller.MercadoController#listar()
2026-08-31T16:08:21.104-03:00 DEBUG 82908 --- [quantota] [nio-8080-exec-4] o.s.web.servlet.DispatcherServlet        : GET "/precos", parameters={}
2026-08-31T16:08:21.104-03:00 DEBUG 82908 --- [quantota] [nio-8080-exec-4] s.w.s.m.m.a.RequestMappingHandlerMapping : Mapped to br.com.quantota.controller.PrecoController#listar()
2026-08-31T16:08:21.105-03:00 DEBUG 82908 --- [quantota] [nio-8080-exec-3] org.hibernate.SQL                        : 
    select
        p1_0.id,
        p1_0.ativo,
        p1_0.categoria,
        p1_0.descricao,
        p1_0.marca,
        p1_0.nome,
        p1_0.unidade_medida 
    from
        produtos p1_0 
    where
        p1_0.ativo
Hibernate: 
    select
        p1_0.id,
        p1_0.ativo,
        p1_0.categoria,
        p1_0.descricao,
        p1_0.marca,
        p1_0.nome,
        p1_0.unidade_medida 
    from
        produtos p1_0 
    where
        p1_0.ativo
2026-08-31T16:08:21.105-03:00 DEBUG 82908 --- [quantota] [nio-8080-exec-5] org.hibernate.SQL                        : 
    select
        m1_0.id,
        m1_0.ativo,
        m1_0.bairro,
        m1_0.cidade,
        m1_0.endereco,
        m1_0.estado,
        m1_0.nome,
        m1_0.telefone 
    from
        mercados m1_0 
    where
        m1_0.ativo
Hibernate: 
    select
        m1_0.id,
        m1_0.ativo,
        m1_0.bairro,
        m1_0.cidade,
        m1_0.endereco,
        m1_0.estado,
        m1_0.nome,
        m1_0.telefone 
    from
        mercados m1_0 
    where
        m1_0.ativo
2026-08-31T16:08:21.258-03:00 DEBUG 82908 --- [quantota] [nio-8080-exec-4] org.hibernate.SQL                        : 
    select
        p1_0.id,
        p1_0.data_atualizacao,
        p1_0.data_cadastro,
        p1_0.data_coleta,
        p1_0.mercado_id,
        p1_0.observacao,
        p1_0.produto_id,
        p1_0.usuario_cadastro_id,
        p1_0.valor 
    from
        precos p1_0
Hibernate: 
    select
        p1_0.id,
        p1_0.data_atualizacao,
        p1_0.data_cadastro,
        p1_0.data_coleta,
        p1_0.mercado_id,
        p1_0.observacao,
        p1_0.produto_id,
        p1_0.usuario_cadastro_id,
        p1_0.valor 
    from
        precos p1_0
2026-08-31T16:08:21.414-03:00 DEBUG 82908 --- [quantota] [nio-8080-exec-3] m.m.a.RequestResponseBodyMethodProcessor : Using 'application/json', given [application/json, text/plain, */*] and supported [application/json, application/*+json]
2026-08-31T16:08:21.414-03:00 DEBUG 82908 --- [quantota] [nio-8080-exec-3] m.m.a.RequestResponseBodyMethodProcessor : Writing [[]]
2026-08-31T16:08:21.414-03:00 DEBUG 82908 --- [quantota] [nio-8080-exec-3] o.s.web.servlet.DispatcherServlet        : Completed 200 OK
2026-08-31T16:08:21.417-03:00 DEBUG 82908 --- [quantota] [nio-8080-exec-5] m.m.a.RequestResponseBodyMethodProcessor : Using 'application/json', given [application/json, text/plain, */*] and supported [application/json, application/*+json]
2026-08-31T16:08:21.417-03:00 DEBUG 82908 --- [quantota] [nio-8080-exec-5] m.m.a.RequestResponseBodyMethodProcessor : Writing [[]]
2026-08-31T16:08:21.417-03:00 DEBUG 82908 --- [quantota] [nio-8080-exec-5] o.s.web.servlet.DispatcherServlet        : Completed 200 OK
2026-08-31T16:08:21.571-03:00 DEBUG 82908 --- [quantota] [nio-8080-exec-4] m.m.a.RequestResponseBodyMethodProcessor : Using 'application/json', given [application/json, text/plain, */*] and supported [application/json, application/*+json]
2026-08-31T16:08:21.571-03:00 DEBUG 82908 --- [quantota] [nio-8080-exec-4] m.m.a.RequestResponseBodyMethodProcessor : Writing [[]]
2026-08-31T16:08:21.571-03:00 DEBUG 82908 --- [quantota] [nio-8080-exec-4] o.s.web.servlet.DispatcherServlet        : Completed 200 OK
2026-08-31T16:51:08.841-03:00 DEBUG 82908 --- [quantota] [nio-8080-exec-1] o.s.web.servlet.DispatcherServlet        : GET "/dashboard", parameters={}
2026-08-31T16:51:08.842-03:00 DEBUG 82908 --- [quantota] [nio-8080-exec-1] o.s.w.s.handler.SimpleUrlHandlerMapping  : Mapped to ResourceHttpRequestHandler [classpath [META-INF/resources/], classpath [resources/], classpath [static/], classpath [public/], ServletContext [/]]
2026-08-31T16:51:08.845-03:00 DEBUG 82908 --- [quantota] [nio-8080-exec-1] o.s.w.s.r.ResourceHttpRequestHandler     : Resource not found
2026-08-31T16:51:08.845-03:00 DEBUG 82908 --- [quantota] [nio-8080-exec-1] .w.s.m.s.DefaultHandlerExceptionResolver : Resolved [org.springframework.web.servlet.resource.NoResourceFoundException: No static resource dashboard.]
2026-08-31T16:51:08.846-03:00 DEBUG 82908 --- [quantota] [nio-8080-exec-1] o.s.web.servlet.DispatcherServlet        : Completed 404 NOT_FOUND
2026-08-31T16:51:08.853-03:00 DEBUG 82908 --- [quantota] [nio-8080-exec-3] o.s.web.servlet.DispatcherServlet        : GET "/produtos", parameters={}
2026-08-31T16:51:08.854-03:00 DEBUG 82908 --- [quantota] [nio-8080-exec-3] s.w.s.m.m.a.RequestMappingHandlerMapping : Mapped to br.com.quantota.controller.ProdutoController#listar()
2026-08-31T16:51:08.856-03:00 DEBUG 82908 --- [quantota] [nio-8080-exec-4] o.s.web.servlet.DispatcherServlet        : GET "/mercados", parameters={}
2026-08-31T16:51:08.856-03:00 DEBUG 82908 --- [quantota] [nio-8080-exec-4] s.w.s.m.m.a.RequestMappingHandlerMapping : Mapped to br.com.quantota.controller.MercadoController#listar()
2026-08-31T16:51:08.859-03:00 DEBUG 82908 --- [quantota] [nio-8080-exec-6] o.s.web.servlet.DispatcherServlet        : GET "/precos", parameters={}
2026-08-31T16:51:08.860-03:00 DEBUG 82908 --- [quantota] [nio-8080-exec-6] s.w.s.m.m.a.RequestMappingHandlerMapping : Mapped to br.com.quantota.controller.PrecoController#listar()
2026-08-31T16:51:08.869-03:00 DEBUG 82908 --- [quantota] [nio-8080-exec-4] org.hibernate.SQL                        : 
    select
        m1_0.id,
        m1_0.ativo,
        m1_0.bairro,
        m1_0.cidade,
        m1_0.endereco,
        m1_0.estado,
        m1_0.nome,
        m1_0.telefone 
    from
        mercados m1_0 
    where
        m1_0.ativo
2026-08-31T16:51:08.869-03:00 DEBUG 82908 --- [quantota] [nio-8080-exec-3] org.hibernate.SQL                        : 
    select
        p1_0.id,
        p1_0.ativo,
        p1_0.categoria,
        p1_0.descricao,
        p1_0.marca,
        p1_0.nome,
        p1_0.unidade_medida 
    from
        produtos p1_0 
    where
        p1_0.ativo
Hibernate: 
    select
        p1_0.id,
        p1_0.ativo,
        p1_0.categoria,
        p1_0.descricao,
        p1_0.marca,
        p1_0.nome,
        p1_0.unidade_medida 
    from
        produtos p1_0 
    where
        p1_0.ativo
Hibernate: 
    select
        m1_0.id,
        m1_0.ativo,
        m1_0.bairro,
        m1_0.cidade,
        m1_0.endereco,
        m1_0.estado,
        m1_0.nome,
        m1_0.telefone 
    from
        mercados m1_0 
    where
        m1_0.ativo
2026-08-31T16:51:09.208-03:00 DEBUG 82908 --- [quantota] [nio-8080-exec-4] m.m.a.RequestResponseBodyMethodProcessor : Using 'application/json', given [application/json, text/plain, */*] and supported [application/json, application/*+json]
2026-08-31T16:51:09.209-03:00 DEBUG 82908 --- [quantota] [nio-8080-exec-4] m.m.a.RequestResponseBodyMethodProcessor : Writing [[]]
2026-08-31T16:51:09.210-03:00 DEBUG 82908 --- [quantota] [nio-8080-exec-4] o.s.web.servlet.DispatcherServlet        : Completed 200 OK
2026-08-31T16:51:09.210-03:00 DEBUG 82908 --- [quantota] [nio-8080-exec-3] m.m.a.RequestResponseBodyMethodProcessor : Using 'application/json', given [application/json, text/plain, */*] and supported [application/json, application/*+json]
2026-08-31T16:51:09.210-03:00 DEBUG 82908 --- [quantota] [nio-8080-exec-3] m.m.a.RequestResponseBodyMethodProcessor : Writing [[]]
2026-08-31T16:51:09.211-03:00 DEBUG 82908 --- [quantota] [nio-8080-exec-3] o.s.web.servlet.DispatcherServlet        : Completed 200 OK
2026-08-31T16:51:09.327-03:00 DEBUG 82908 --- [quantota] [nio-8080-exec-6] org.hibernate.SQL                        : 
    select
        p1_0.id,
        p1_0.data_atualizacao,
        p1_0.data_cadastro,
        p1_0.data_coleta,
        p1_0.mercado_id,
        p1_0.observacao,
        p1_0.produto_id,
        p1_0.usuario_cadastro_id,
        p1_0.valor 
    from
        precos p1_0
Hibernate: 
    select
        p1_0.id,
        p1_0.data_atualizacao,
        p1_0.data_cadastro,
        p1_0.data_coleta,
        p1_0.mercado_id,
        p1_0.observacao,
        p1_0.produto_id,
        p1_0.usuario_cadastro_id,
        p1_0.valor 
    from
        precos p1_0
2026-08-31T16:51:09.659-03:00 DEBUG 82908 --- [quantota] [nio-8080-exec-6] m.m.a.RequestResponseBodyMethodProcessor : Using 'application/json', given [application/json, text/plain, */*] and supported [application/json, application/*+json]
2026-08-31T16:51:09.659-03:00 DEBUG 82908 --- [quantota] [nio-8080-exec-6] m.m.a.RequestResponseBodyMethodProcessor : Writing [[]]
2026-08-31T16:51:09.660-03:00 DEBUG 82908 --- [quantota] [nio-8080-exec-6] o.s.web.servlet.DispatcherServlet        : Completed 200 OK
2026-08-31T17:00:51.287-03:00 DEBUG 82908 --- [quantota] [nio-8080-exec-1] o.s.web.servlet.DispatcherServlet        : GET "/dashboard", parameters={}
2026-08-31T17:00:51.287-03:00 DEBUG 82908 --- [quantota] [nio-8080-exec-1] o.s.w.s.handler.SimpleUrlHandlerMapping  : Mapped to ResourceHttpRequestHandler [classpath [META-INF/resources/], classpath [resources/], classpath [static/], classpath [public/], ServletContext [/]]
2026-08-31T17:00:51.289-03:00 DEBUG 82908 --- [quantota] [nio-8080-exec-1] o.s.w.s.r.ResourceHttpRequestHandler     : Resource not found
2026-08-31T17:00:51.290-03:00 DEBUG 82908 --- [quantota] [nio-8080-exec-1] .w.s.m.s.DefaultHandlerExceptionResolver : Resolved [org.springframework.web.servlet.resource.NoResourceFoundException: No static resource dashboard.]
2026-08-31T17:00:51.290-03:00 DEBUG 82908 --- [quantota] [nio-8080-exec-1] o.s.web.servlet.DispatcherServlet        : Completed 404 NOT_FOUND
2026-08-31T17:00:51.298-03:00 DEBUG 82908 --- [quantota] [io-8080-exec-10] o.s.web.servlet.DispatcherServlet        : GET "/produtos", parameters={}
2026-08-31T17:00:51.298-03:00 DEBUG 82908 --- [quantota] [nio-8080-exec-5] o.s.web.servlet.DispatcherServlet        : GET "/mercados", parameters={}
2026-08-31T17:00:51.298-03:00 DEBUG 82908 --- [quantota] [io-8080-exec-10] s.w.s.m.m.a.RequestMappingHandlerMapping : Mapped to br.com.quantota.controller.ProdutoController#listar()
2026-08-31T17:00:51.298-03:00 DEBUG 82908 --- [quantota] [nio-8080-exec-2] o.s.web.servlet.DispatcherServlet        : GET "/precos", parameters={}
2026-08-31T17:00:51.299-03:00 DEBUG 82908 --- [quantota] [nio-8080-exec-5] s.w.s.m.m.a.RequestMappingHandlerMapping : Mapped to br.com.quantota.controller.MercadoController#listar()
2026-08-31T17:00:51.299-03:00 DEBUG 82908 --- [quantota] [nio-8080-exec-2] s.w.s.m.m.a.RequestMappingHandlerMapping : Mapped to br.com.quantota.controller.PrecoController#listar()
2026-08-31T17:00:51.302-03:00 DEBUG 82908 --- [quantota] [io-8080-exec-10] org.hibernate.SQL                        : 
    select
        p1_0.id,
        p1_0.ativo,
        p1_0.categoria,
        p1_0.descricao,
        p1_0.marca,
        p1_0.nome,
        p1_0.unidade_medida 
    from
        produtos p1_0 
    where
        p1_0.ativo
Hibernate: 
    select
        p1_0.id,
        p1_0.ativo,
        p1_0.categoria,
        p1_0.descricao,
        p1_0.marca,
        p1_0.nome,
        p1_0.unidade_medida 
    from
        produtos p1_0 
    where
        p1_0.ativo
2026-08-31T17:00:51.302-03:00 DEBUG 82908 --- [quantota] [nio-8080-exec-5] org.hibernate.SQL                        : 
    select
        m1_0.id,
        m1_0.ativo,
        m1_0.bairro,
        m1_0.cidade,
        m1_0.endereco,
        m1_0.estado,
        m1_0.nome,
        m1_0.telefone 
    from
        mercados m1_0 
    where
        m1_0.ativo
Hibernate: 
    select
        m1_0.id,
        m1_0.ativo,
        m1_0.bairro,
        m1_0.cidade,
        m1_0.endereco,
        m1_0.estado,
        m1_0.nome,
        m1_0.telefone 
    from
        mercados m1_0 
    where
        m1_0.ativo
2026-08-31T17:00:51.456-03:00 DEBUG 82908 --- [quantota] [nio-8080-exec-2] org.hibernate.SQL                        : 
    select
        p1_0.id,
        p1_0.data_atualizacao,
        p1_0.data_cadastro,
        p1_0.data_coleta,
        p1_0.mercado_id,
        p1_0.observacao,
        p1_0.produto_id,
        p1_0.usuario_cadastro_id,
        p1_0.valor 
    from
        precos p1_0
Hibernate: 
    select
        p1_0.id,
        p1_0.data_atualizacao,
        p1_0.data_cadastro,
        p1_0.data_coleta,
        p1_0.mercado_id,
        p1_0.observacao,
        p1_0.produto_id,
        p1_0.usuario_cadastro_id,
        p1_0.valor 
    from
        precos p1_0
2026-08-31T17:00:51.622-03:00 DEBUG 82908 --- [quantota] [io-8080-exec-10] m.m.a.RequestResponseBodyMethodProcessor : Using 'application/json', given [application/json, text/plain, */*] and supported [application/json, application/*+json]
2026-08-31T17:00:51.622-03:00 DEBUG 82908 --- [quantota] [io-8080-exec-10] m.m.a.RequestResponseBodyMethodProcessor : Writing [[]]
2026-08-31T17:00:51.622-03:00 DEBUG 82908 --- [quantota] [io-8080-exec-10] o.s.web.servlet.DispatcherServlet        : Completed 200 OK
2026-08-31T17:00:51.624-03:00 DEBUG 82908 --- [quantota] [nio-8080-exec-5] m.m.a.RequestResponseBodyMethodProcessor : Using 'application/json', given [application/json, text/plain, */*] and supported [application/json, application/*+json]
2026-08-31T17:00:51.624-03:00 DEBUG 82908 --- [quantota] [nio-8080-exec-5] m.m.a.RequestResponseBodyMethodProcessor : Writing [[]]
2026-08-31T17:00:51.624-03:00 DEBUG 82908 --- [quantota] [nio-8080-exec-5] o.s.web.servlet.DispatcherServlet        : Completed 200 OK
2026-08-31T17:00:51.775-03:00 DEBUG 82908 --- [quantota] [nio-8080-exec-2] m.m.a.RequestResponseBodyMethodProcessor : Using 'application/json', given [application/json, text/plain, */*] and supported [application/json, application/*+json]
2026-08-31T17:00:51.775-03:00 DEBUG 82908 --- [quantota] [nio-8080-exec-2] m.m.a.RequestResponseBodyMethodProcessor : Writing [[]]
2026-08-31T17:00:51.776-03:00 DEBUG 82908 --- [quantota] [nio-8080-exec-2] o.s.web.servlet.DispatcherServlet        : Completed 200 OK
2026-08-31T17:02:00.770-03:00 DEBUG 82908 --- [quantota] [nio-8080-exec-7] o.s.web.servlet.DispatcherServlet        : POST "/auth/login", parameters={}
2026-08-31T17:02:00.770-03:00 DEBUG 82908 --- [quantota] [nio-8080-exec-7] s.w.s.m.m.a.RequestMappingHandlerMapping : Mapped to br.com.quantota.controller.AuthController#login(LoginRequestDTO)
2026-08-31T17:02:00.773-03:00 DEBUG 82908 --- [quantota] [nio-8080-exec-7] m.m.a.RequestResponseBodyMethodProcessor : Read "application/json;charset=UTF-8" to [br.com.quantota.dto.LoginRequestDTO@7c6ba23b]
2026-08-31T17:02:00.778-03:00 DEBUG 82908 --- [quantota] [nio-8080-exec-7] org.hibernate.SQL                        : 
    select
        u1_0.id,
        u1_0.ativo,
        u1_0.data_criacao,
        u1_0.email,
        u1_0.nome,
        u1_0.perfil,
        u1_0.senha,
        u1_0.telefone 
    from
        usuarios u1_0 
    where
        u1_0.email=?
Hibernate: 
    select
        u1_0.id,
        u1_0.ativo,
        u1_0.data_criacao,
        u1_0.email,
        u1_0.nome,
        u1_0.perfil,
        u1_0.senha,
        u1_0.telefone 
    from
        usuarios u1_0 
    where
        u1_0.email=?
2026-08-31T17:02:01.184-03:00 DEBUG 82908 --- [quantota] [nio-8080-exec-7] o.s.w.s.m.m.a.HttpEntityMethodProcessor  : Using 'application/json', given [application/json, text/plain, */*] and supported [application/json, application/*+json]
2026-08-31T17:02:01.184-03:00 DEBUG 82908 --- [quantota] [nio-8080-exec-7] o.s.w.s.m.m.a.HttpEntityMethodProcessor  : Writing [br.com.quantota.dto.LoginResponseDTO@50b2bc94]
2026-08-31T17:02:01.184-03:00 DEBUG 82908 --- [quantota] [nio-8080-exec-7] o.s.web.servlet.DispatcherServlet        : Completed 200 OK
2026-08-31T17:02:01.208-03:00 DEBUG 82908 --- [quantota] [nio-8080-exec-9] o.s.web.servlet.DispatcherServlet        : GET "/dashboard", parameters={}
2026-08-31T17:02:01.208-03:00 DEBUG 82908 --- [quantota] [nio-8080-exec-9] o.s.w.s.handler.SimpleUrlHandlerMapping  : Mapped to ResourceHttpRequestHandler [classpath [META-INF/resources/], classpath [resources/], classpath [static/], classpath [public/], ServletContext [/]]
2026-08-31T17:02:01.209-03:00 DEBUG 82908 --- [quantota] [nio-8080-exec-9] o.s.w.s.r.ResourceHttpRequestHandler     : Resource not found
2026-08-31T17:02:01.209-03:00 DEBUG 82908 --- [quantota] [nio-8080-exec-9] .w.s.m.s.DefaultHandlerExceptionResolver : Resolved [org.springframework.web.servlet.resource.NoResourceFoundException: No static resource dashboard.]
2026-08-31T17:02:01.209-03:00 DEBUG 82908 --- [quantota] [nio-8080-exec-9] o.s.web.servlet.DispatcherServlet        : Completed 404 NOT_FOUND
2026-08-31T17:02:01.261-03:00 DEBUG 82908 --- [quantota] [nio-8080-exec-5] o.s.web.servlet.DispatcherServlet        : GET "/precos", parameters={}
2026-08-31T17:02:01.261-03:00 DEBUG 82908 --- [quantota] [nio-8080-exec-1] o.s.web.servlet.DispatcherServlet        : GET "/produtos", parameters={}
2026-08-31T17:02:01.261-03:00 DEBUG 82908 --- [quantota] [io-8080-exec-10] o.s.web.servlet.DispatcherServlet        : GET "/mercados", parameters={}
2026-08-31T17:02:01.261-03:00 DEBUG 82908 --- [quantota] [io-8080-exec-10] s.w.s.m.m.a.RequestMappingHandlerMapping : Mapped to br.com.quantota.controller.MercadoController#listar()
2026-08-31T17:02:01.261-03:00 DEBUG 82908 --- [quantota] [nio-8080-exec-1] s.w.s.m.m.a.RequestMappingHandlerMapping : Mapped to br.com.quantota.controller.ProdutoController#listar()
2026-08-31T17:02:01.262-03:00 DEBUG 82908 --- [quantota] [nio-8080-exec-5] s.w.s.m.m.a.RequestMappingHandlerMapping : Mapped to br.com.quantota.controller.PrecoController#listar()
2026-08-31T17:02:01.263-03:00 DEBUG 82908 --- [quantota] [io-8080-exec-10] org.hibernate.SQL                        : 
    select
        m1_0.id,
        m1_0.ativo,
        m1_0.bairro,
        m1_0.cidade,
        m1_0.endereco,
        m1_0.estado,
        m1_0.nome,
        m1_0.telefone 
    from
        mercados m1_0 
    where
        m1_0.ativo
Hibernate: 
    select
        m1_0.id,
        m1_0.ativo,
        m1_0.bairro,
        m1_0.cidade,
        m1_0.endereco,
        m1_0.estado,
        m1_0.nome,
        m1_0.telefone 
    from
        mercados m1_0 
    where
        m1_0.ativo
2026-08-31T17:02:01.263-03:00 DEBUG 82908 --- [quantota] [nio-8080-exec-1] org.hibernate.SQL                        : 
    select
        p1_0.id,
        p1_0.ativo,
        p1_0.categoria,
        p1_0.descricao,
        p1_0.marca,
        p1_0.nome,
        p1_0.unidade_medida 
    from
        produtos p1_0 
    where
        p1_0.ativo
Hibernate: 
    select
        p1_0.id,
        p1_0.ativo,
        p1_0.categoria,
        p1_0.descricao,
        p1_0.marca,
        p1_0.nome,
        p1_0.unidade_medida 
    from
        produtos p1_0 
    where
        p1_0.ativo
2026-08-31T17:02:01.415-03:00 DEBUG 82908 --- [quantota] [nio-8080-exec-5] org.hibernate.SQL                        : 
    select
        p1_0.id,
        p1_0.data_atualizacao,
        p1_0.data_cadastro,
        p1_0.data_coleta,
        p1_0.mercado_id,
        p1_0.observacao,
        p1_0.produto_id,
        p1_0.usuario_cadastro_id,
        p1_0.valor 
    from
        precos p1_0
Hibernate: 
    select
        p1_0.id,
        p1_0.data_atualizacao,
        p1_0.data_cadastro,
        p1_0.data_coleta,
        p1_0.mercado_id,
        p1_0.observacao,
        p1_0.produto_id,
        p1_0.usuario_cadastro_id,
        p1_0.valor 
    from
        precos p1_0
2026-08-31T17:02:01.416-03:00 DEBUG 82908 --- [quantota] [nio-8080-exec-1] m.m.a.RequestResponseBodyMethodProcessor : Using 'application/json', given [application/json, text/plain, */*] and supported [application/json, application/*+json]
2026-08-31T17:02:01.416-03:00 DEBUG 82908 --- [quantota] [nio-8080-exec-1] m.m.a.RequestResponseBodyMethodProcessor : Writing [[]]
2026-08-31T17:02:01.417-03:00 DEBUG 82908 --- [quantota] [nio-8080-exec-1] o.s.web.servlet.DispatcherServlet        : Completed 200 OK
2026-08-31T17:02:01.567-03:00 DEBUG 82908 --- [quantota] [io-8080-exec-10] m.m.a.RequestResponseBodyMethodProcessor : Using 'application/json', given [application/json, text/plain, */*] and supported [application/json, application/*+json]
2026-08-31T17:02:01.567-03:00 DEBUG 82908 --- [quantota] [io-8080-exec-10] m.m.a.RequestResponseBodyMethodProcessor : Writing [[]]
2026-08-31T17:02:01.568-03:00 DEBUG 82908 --- [quantota] [io-8080-exec-10] o.s.web.servlet.DispatcherServlet        : Completed 200 OK
2026-08-31T17:02:01.727-03:00 DEBUG 82908 --- [quantota] [nio-8080-exec-5] m.m.a.RequestResponseBodyMethodProcessor : Using 'application/json', given [application/json, text/plain, */*] and supported [application/json, application/*+json]
2026-08-31T17:02:01.727-03:00 DEBUG 82908 --- [quantota] [nio-8080-exec-5] m.m.a.RequestResponseBodyMethodProcessor : Writing [[]]
2026-08-31T17:02:01.727-03:00 DEBUG 82908 --- [quantota] [nio-8080-exec-5] o.s.web.servlet.DispatcherServlet        : Completed 200 OK
2026-08-31T17:18:03.054-03:00 DEBUG 82908 --- [quantota] [nio-8080-exec-6] o.s.web.servlet.DispatcherServlet        : GET "/dashboard", parameters={}
2026-08-31T17:18:03.054-03:00 DEBUG 82908 --- [quantota] [nio-8080-exec-6] o.s.w.s.handler.SimpleUrlHandlerMapping  : Mapped to ResourceHttpRequestHandler [classpath [META-INF/resources/], classpath [resources/], classpath [static/], classpath [public/], ServletContext [/]]
2026-08-31T17:18:03.058-03:00 DEBUG 82908 --- [quantota] [nio-8080-exec-6] o.s.w.s.r.ResourceHttpRequestHandler     : Resource not found
2026-08-31T17:18:03.059-03:00 DEBUG 82908 --- [quantota] [nio-8080-exec-6] .w.s.m.s.DefaultHandlerExceptionResolver : Resolved [org.springframework.web.servlet.resource.NoResourceFoundException: No static resource dashboard.]
2026-08-31T17:18:03.059-03:00 DEBUG 82908 --- [quantota] [nio-8080-exec-6] o.s.web.servlet.DispatcherServlet        : Completed 404 NOT_FOUND
2026-08-31T17:18:03.096-03:00 DEBUG 82908 --- [quantota] [nio-8080-exec-8] o.s.web.servlet.DispatcherServlet        : GET "/produtos", parameters={}
2026-08-31T17:18:03.097-03:00 DEBUG 82908 --- [quantota] [nio-8080-exec-8] s.w.s.m.m.a.RequestMappingHandlerMapping : Mapped to br.com.quantota.controller.ProdutoController#listar()
2026-08-31T17:18:03.102-03:00 DEBUG 82908 --- [quantota] [nio-8080-exec-7] o.s.web.servlet.DispatcherServlet        : GET "/mercados", parameters={}
2026-08-31T17:18:03.102-03:00 DEBUG 82908 --- [quantota] [nio-8080-exec-7] s.w.s.m.m.a.RequestMappingHandlerMapping : Mapped to br.com.quantota.controller.MercadoController#listar()
2026-08-31T17:18:03.109-03:00 DEBUG 82908 --- [quantota] [nio-8080-exec-9] o.s.web.servlet.DispatcherServlet        : GET "/precos", parameters={}
2026-08-31T17:18:03.109-03:00 DEBUG 82908 --- [quantota] [nio-8080-exec-9] s.w.s.m.m.a.RequestMappingHandlerMapping : Mapped to br.com.quantota.controller.PrecoController#listar()
2026-08-31T17:18:03.121-03:00 DEBUG 82908 --- [quantota] [nio-8080-exec-7] org.hibernate.SQL                        : 
    select
        m1_0.id,
        m1_0.ativo,
        m1_0.bairro,
        m1_0.cidade,
        m1_0.endereco,
        m1_0.estado,
        m1_0.nome,
        m1_0.telefone 
    from
        mercados m1_0 
    where
        m1_0.ativo
Hibernate: 
    select
        m1_0.id,
        m1_0.ativo,
        m1_0.bairro,
        m1_0.cidade,
        m1_0.endereco,
        m1_0.estado,
        m1_0.nome,
        m1_0.telefone 
    from
        mercados m1_0 
    where
        m1_0.ativo
2026-08-31T17:18:03.123-03:00 DEBUG 82908 --- [quantota] [nio-8080-exec-8] org.hibernate.SQL                        : 
    select
        p1_0.id,
        p1_0.ativo,
        p1_0.categoria,
        p1_0.descricao,
        p1_0.marca,
        p1_0.nome,
        p1_0.unidade_medida 
    from
        produtos p1_0 
    where
        p1_0.ativo
Hibernate: 
    select
        p1_0.id,
        p1_0.ativo,
        p1_0.categoria,
        p1_0.descricao,
        p1_0.marca,
        p1_0.nome,
        p1_0.unidade_medida 
    from
        produtos p1_0 
    where
        p1_0.ativo
2026-08-31T17:18:03.314-03:00 DEBUG 82908 --- [quantota] [nio-8080-exec-9] org.hibernate.SQL                        : 
    select
        p1_0.id,
        p1_0.data_atualizacao,
        p1_0.data_cadastro,
        p1_0.data_coleta,
        p1_0.mercado_id,
        p1_0.observacao,
        p1_0.produto_id,
        p1_0.usuario_cadastro_id,
        p1_0.valor 
    from
        precos p1_0
Hibernate: 
    select
        p1_0.id,
        p1_0.data_atualizacao,
        p1_0.data_cadastro,
        p1_0.data_coleta,
        p1_0.mercado_id,
        p1_0.observacao,
        p1_0.produto_id,
        p1_0.usuario_cadastro_id,
        p1_0.valor 
    from
        precos p1_0
2026-08-31T17:18:03.450-03:00 DEBUG 82908 --- [quantota] [nio-8080-exec-8] m.m.a.RequestResponseBodyMethodProcessor : Using 'application/json', given [application/json, text/plain, */*] and supported [application/json, application/*+json]
2026-08-31T17:18:03.450-03:00 DEBUG 82908 --- [quantota] [nio-8080-exec-8] m.m.a.RequestResponseBodyMethodProcessor : Writing [[br.com.quantota.model.Produto@6f6362fc]]
2026-08-31T17:18:03.459-03:00 DEBUG 82908 --- [quantota] [nio-8080-exec-8] o.s.web.servlet.DispatcherServlet        : Completed 200 OK
2026-08-31T17:18:03.476-03:00 DEBUG 82908 --- [quantota] [nio-8080-exec-7] m.m.a.RequestResponseBodyMethodProcessor : Using 'application/json', given [application/json, text/plain, */*] and supported [application/json, application/*+json]
2026-08-31T17:18:03.476-03:00 DEBUG 82908 --- [quantota] [nio-8080-exec-7] m.m.a.RequestResponseBodyMethodProcessor : Writing [[]]
2026-08-31T17:18:03.476-03:00 DEBUG 82908 --- [quantota] [nio-8080-exec-7] o.s.web.servlet.DispatcherServlet        : Completed 200 OK
2026-08-31T17:18:03.686-03:00 DEBUG 82908 --- [quantota] [nio-8080-exec-9] m.m.a.RequestResponseBodyMethodProcessor : Using 'application/json', given [application/json, text/plain, */*] and supported [application/json, application/*+json]
2026-08-31T17:18:03.686-03:00 DEBUG 82908 --- [quantota] [nio-8080-exec-9] m.m.a.RequestResponseBodyMethodProcessor : Writing [[]]
2026-08-31T17:18:03.687-03:00 DEBUG 82908 --- [quantota] [nio-8080-exec-9] o.s.web.servlet.DispatcherServlet        : Completed 200 OK
2026-08-31T17:19:36.101-03:00 DEBUG 82908 --- [quantota] [nio-8080-exec-4] o.s.web.servlet.DispatcherServlet        : GET "/dashboard", parameters={}
2026-08-31T17:19:36.101-03:00 DEBUG 82908 --- [quantota] [nio-8080-exec-4] o.s.w.s.handler.SimpleUrlHandlerMapping  : Mapped to ResourceHttpRequestHandler [classpath [META-INF/resources/], classpath [resources/], classpath [static/], classpath [public/], ServletContext [/]]
2026-08-31T17:19:36.103-03:00 DEBUG 82908 --- [quantota] [nio-8080-exec-4] o.s.w.s.r.ResourceHttpRequestHandler     : Resource not found
2026-08-31T17:19:36.103-03:00 DEBUG 82908 --- [quantota] [nio-8080-exec-4] .w.s.m.s.DefaultHandlerExceptionResolver : Resolved [org.springframework.web.servlet.resource.NoResourceFoundException: No static resource dashboard.]
2026-08-31T17:19:36.103-03:00 DEBUG 82908 --- [quantota] [nio-8080-exec-4] o.s.web.servlet.DispatcherServlet        : Completed 404 NOT_FOUND
2026-08-31T17:19:36.110-03:00 DEBUG 82908 --- [quantota] [nio-8080-exec-3] o.s.web.servlet.DispatcherServlet        : GET "/produtos", parameters={}
2026-08-31T17:19:36.110-03:00 DEBUG 82908 --- [quantota] [nio-8080-exec-3] s.w.s.m.m.a.RequestMappingHandlerMapping : Mapped to br.com.quantota.controller.ProdutoController#listar()
2026-08-31T17:19:36.111-03:00 DEBUG 82908 --- [quantota] [nio-8080-exec-3] org.hibernate.SQL                        : 
    select
        p1_0.id,
        p1_0.ativo,
        p1_0.categoria,
        p1_0.descricao,
        p1_0.marca,
        p1_0.nome,
        p1_0.unidade_medida 
    from
        produtos p1_0 
    where
        p1_0.ativo
Hibernate: 
    select
        p1_0.id,
        p1_0.ativo,
        p1_0.categoria,
        p1_0.descricao,
        p1_0.marca,
        p1_0.nome,
        p1_0.unidade_medida 
    from
        produtos p1_0 
    where
        p1_0.ativo
2026-08-31T17:19:36.118-03:00 DEBUG 82908 --- [quantota] [nio-8080-exec-6] o.s.web.servlet.DispatcherServlet        : GET "/mercados", parameters={}
2026-08-31T17:19:36.118-03:00 DEBUG 82908 --- [quantota] [nio-8080-exec-2] o.s.web.servlet.DispatcherServlet        : GET "/precos", parameters={}
2026-08-31T17:19:36.118-03:00 DEBUG 82908 --- [quantota] [nio-8080-exec-6] s.w.s.m.m.a.RequestMappingHandlerMapping : Mapped to br.com.quantota.controller.MercadoController#listar()
2026-08-31T17:19:36.118-03:00 DEBUG 82908 --- [quantota] [nio-8080-exec-2] s.w.s.m.m.a.RequestMappingHandlerMapping : Mapped to br.com.quantota.controller.PrecoController#listar()
2026-08-31T17:19:36.119-03:00 DEBUG 82908 --- [quantota] [nio-8080-exec-6] org.hibernate.SQL                        : 
    select
        m1_0.id,
        m1_0.ativo,
        m1_0.bairro,
        m1_0.cidade,
        m1_0.endereco,
        m1_0.estado,
        m1_0.nome,
        m1_0.telefone 
    from
        mercados m1_0 
    where
        m1_0.ativo
Hibernate: 
    select
        m1_0.id,
        m1_0.ativo,
        m1_0.bairro,
        m1_0.cidade,
        m1_0.endereco,
        m1_0.estado,
        m1_0.nome,
        m1_0.telefone 
    from
        mercados m1_0 
    where
        m1_0.ativo
2026-08-31T17:19:36.284-03:00 DEBUG 82908 --- [quantota] [nio-8080-exec-2] org.hibernate.SQL                        : 
    select
        p1_0.id,
        p1_0.data_atualizacao,
        p1_0.data_cadastro,
        p1_0.data_coleta,
        p1_0.mercado_id,
        p1_0.observacao,
        p1_0.produto_id,
        p1_0.usuario_cadastro_id,
        p1_0.valor 
    from
        precos p1_0
Hibernate: 
    select
        p1_0.id,
        p1_0.data_atualizacao,
        p1_0.data_cadastro,
        p1_0.data_coleta,
        p1_0.mercado_id,
        p1_0.observacao,
        p1_0.produto_id,
        p1_0.usuario_cadastro_id,
        p1_0.valor 
    from
        precos p1_0
2026-08-31T17:19:36.423-03:00 DEBUG 82908 --- [quantota] [nio-8080-exec-3] m.m.a.RequestResponseBodyMethodProcessor : Using 'application/json', given [application/json, text/plain, */*] and supported [application/json, application/*+json]
2026-08-31T17:19:36.423-03:00 DEBUG 82908 --- [quantota] [nio-8080-exec-3] m.m.a.RequestResponseBodyMethodProcessor : Writing [[br.com.quantota.model.Produto@507aecc1]]
2026-08-31T17:19:36.424-03:00 DEBUG 82908 --- [quantota] [nio-8080-exec-3] o.s.web.servlet.DispatcherServlet        : Completed 200 OK
2026-08-31T17:19:36.434-03:00 DEBUG 82908 --- [quantota] [nio-8080-exec-6] m.m.a.RequestResponseBodyMethodProcessor : Using 'application/json', given [application/json, text/plain, */*] and supported [application/json, application/*+json]
2026-08-31T17:19:36.434-03:00 DEBUG 82908 --- [quantota] [nio-8080-exec-6] m.m.a.RequestResponseBodyMethodProcessor : Writing [[]]
2026-08-31T17:19:36.435-03:00 DEBUG 82908 --- [quantota] [nio-8080-exec-6] o.s.web.servlet.DispatcherServlet        : Completed 200 OK
2026-08-31T17:19:36.599-03:00 DEBUG 82908 --- [quantota] [nio-8080-exec-2] m.m.a.RequestResponseBodyMethodProcessor : Using 'application/json', given [application/json, text/plain, */*] and supported [application/json, application/*+json]
2026-08-31T17:19:36.599-03:00 DEBUG 82908 --- [quantota] [nio-8080-exec-2] m.m.a.RequestResponseBodyMethodProcessor : Writing [[]]
2026-08-31T17:19:36.599-03:00 DEBUG 82908 --- [quantota] [nio-8080-exec-2] o.s.web.servlet.DispatcherServlet        : Completed 200 OK
2026-08-31T17:21:13.180-03:00 DEBUG 82908 --- [quantota] [nio-8080-exec-1] o.s.web.servlet.DispatcherServlet        : GET "/dashboard", parameters={}
2026-08-31T17:21:13.181-03:00 DEBUG 82908 --- [quantota] [nio-8080-exec-1] o.s.w.s.handler.SimpleUrlHandlerMapping  : Mapped to ResourceHttpRequestHandler [classpath [META-INF/resources/], classpath [resources/], classpath [static/], classpath [public/], ServletContext [/]]
2026-08-31T17:21:13.182-03:00 DEBUG 82908 --- [quantota] [nio-8080-exec-1] o.s.w.s.r.ResourceHttpRequestHandler     : Resource not found
2026-08-31T17:21:13.182-03:00 DEBUG 82908 --- [quantota] [nio-8080-exec-1] .w.s.m.s.DefaultHandlerExceptionResolver : Resolved [org.springframework.web.servlet.resource.NoResourceFoundException: No static resource dashboard.]
2026-08-31T17:21:13.182-03:00 DEBUG 82908 --- [quantota] [nio-8080-exec-1] o.s.web.servlet.DispatcherServlet        : Completed 404 NOT_FOUND
2026-08-31T17:21:13.190-03:00 DEBUG 82908 --- [quantota] [nio-8080-exec-3] o.s.web.servlet.DispatcherServlet        : GET "/produtos", parameters={}
2026-08-31T17:21:13.190-03:00 DEBUG 82908 --- [quantota] [nio-8080-exec-3] s.w.s.m.m.a.RequestMappingHandlerMapping : Mapped to br.com.quantota.controller.ProdutoController#listar()
2026-08-31T17:21:13.190-03:00 DEBUG 82908 --- [quantota] [nio-8080-exec-3] org.hibernate.SQL                        : 
    select
        p1_0.id,
        p1_0.ativo,
        p1_0.categoria,
        p1_0.descricao,
        p1_0.marca,
        p1_0.nome,
        p1_0.unidade_medida 
    from
        produtos p1_0 
    where
        p1_0.ativo
Hibernate: 
    select
        p1_0.id,
        p1_0.ativo,
        p1_0.categoria,
        p1_0.descricao,
        p1_0.marca,
        p1_0.nome,
        p1_0.unidade_medida 
    from
        produtos p1_0 
    where
        p1_0.ativo
2026-08-31T17:21:13.194-03:00 DEBUG 82908 --- [quantota] [nio-8080-exec-2] o.s.web.servlet.DispatcherServlet        : GET "/mercados", parameters={}
2026-08-31T17:21:13.195-03:00 DEBUG 82908 --- [quantota] [nio-8080-exec-2] s.w.s.m.m.a.RequestMappingHandlerMapping : Mapped to br.com.quantota.controller.MercadoController#listar()
2026-08-31T17:21:13.196-03:00 DEBUG 82908 --- [quantota] [nio-8080-exec-2] org.hibernate.SQL                        : 
    select
        m1_0.id,
        m1_0.ativo,
        m1_0.bairro,
        m1_0.cidade,
        m1_0.endereco,
        m1_0.estado,
        m1_0.nome,
        m1_0.telefone 
    from
        mercados m1_0 
    where
        m1_0.ativo
Hibernate: 
    select
        m1_0.id,
        m1_0.ativo,
        m1_0.bairro,
        m1_0.cidade,
        m1_0.endereco,
        m1_0.estado,
        m1_0.nome,
        m1_0.telefone 
    from
        mercados m1_0 
    where
        m1_0.ativo
2026-08-31T17:21:13.196-03:00 DEBUG 82908 --- [quantota] [nio-8080-exec-9] o.s.web.servlet.DispatcherServlet        : GET "/precos", parameters={}
2026-08-31T17:21:13.196-03:00 DEBUG 82908 --- [quantota] [nio-8080-exec-9] s.w.s.m.m.a.RequestMappingHandlerMapping : Mapped to br.com.quantota.controller.PrecoController#listar()
2026-08-31T17:21:13.352-03:00 DEBUG 82908 --- [quantota] [nio-8080-exec-9] org.hibernate.SQL                        : 
    select
        p1_0.id,
        p1_0.data_atualizacao,
        p1_0.data_cadastro,
        p1_0.data_coleta,
        p1_0.mercado_id,
        p1_0.observacao,
        p1_0.produto_id,
        p1_0.usuario_cadastro_id,
        p1_0.valor 
    from
        precos p1_0
Hibernate: 
    select
        p1_0.id,
        p1_0.data_atualizacao,
        p1_0.data_cadastro,
        p1_0.data_coleta,
        p1_0.mercado_id,
        p1_0.observacao,
        p1_0.produto_id,
        p1_0.usuario_cadastro_id,
        p1_0.valor 
    from
        precos p1_0
2026-08-31T17:21:13.502-03:00 DEBUG 82908 --- [quantota] [nio-8080-exec-3] m.m.a.RequestResponseBodyMethodProcessor : Using 'application/json', given [application/json, text/plain, */*] and supported [application/json, application/*+json]
2026-08-31T17:21:13.502-03:00 DEBUG 82908 --- [quantota] [nio-8080-exec-3] m.m.a.RequestResponseBodyMethodProcessor : Writing [[br.com.quantota.model.Produto@5d481b76]]
2026-08-31T17:21:13.502-03:00 DEBUG 82908 --- [quantota] [nio-8080-exec-3] o.s.web.servlet.DispatcherServlet        : Completed 200 OK
2026-08-31T17:21:13.668-03:00 DEBUG 82908 --- [quantota] [nio-8080-exec-9] m.m.a.RequestResponseBodyMethodProcessor : Using 'application/json', given [application/json, text/plain, */*] and supported [application/json, application/*+json]
2026-08-31T17:21:13.668-03:00 DEBUG 82908 --- [quantota] [nio-8080-exec-9] m.m.a.RequestResponseBodyMethodProcessor : Writing [[]]
2026-08-31T17:21:13.668-03:00 DEBUG 82908 --- [quantota] [nio-8080-exec-9] o.s.web.servlet.DispatcherServlet        : Completed 200 OK
2026-08-31T17:21:13.878-03:00 DEBUG 82908 --- [quantota] [nio-8080-exec-2] m.m.a.RequestResponseBodyMethodProcessor : Using 'application/json', given [application/json, text/plain, */*] and supported [application/json, application/*+json]
2026-08-31T17:21:13.878-03:00 DEBUG 82908 --- [quantota] [nio-8080-exec-2] m.m.a.RequestResponseBodyMethodProcessor : Writing [[]]
2026-08-31T17:21:13.878-03:00 DEBUG 82908 --- [quantota] [nio-8080-exec-2] o.s.web.servlet.DispatcherServlet        : Completed 200 OK
2026-08-31T17:22:41.141-03:00 DEBUG 82908 --- [quantota] [nio-8080-exec-1] o.s.web.servlet.DispatcherServlet        : GET "/dashboard", parameters={}
2026-08-31T17:22:41.142-03:00 DEBUG 82908 --- [quantota] [nio-8080-exec-1] o.s.w.s.handler.SimpleUrlHandlerMapping  : Mapped to ResourceHttpRequestHandler [classpath [META-INF/resources/], classpath [resources/], classpath [static/], classpath [public/], ServletContext [/]]
2026-08-31T17:22:41.144-03:00 DEBUG 82908 --- [quantota] [nio-8080-exec-1] o.s.w.s.r.ResourceHttpRequestHandler     : Resource not found
2026-08-31T17:22:41.144-03:00 DEBUG 82908 --- [quantota] [nio-8080-exec-1] .w.s.m.s.DefaultHandlerExceptionResolver : Resolved [org.springframework.web.servlet.resource.NoResourceFoundException: No static resource dashboard.]
2026-08-31T17:22:41.144-03:00 DEBUG 82908 --- [quantota] [nio-8080-exec-1] o.s.web.servlet.DispatcherServlet        : Completed 404 NOT_FOUND
2026-08-31T17:22:41.157-03:00 DEBUG 82908 --- [quantota] [nio-8080-exec-4] o.s.web.servlet.DispatcherServlet        : GET "/mercados", parameters={}
2026-08-31T17:22:41.158-03:00 DEBUG 82908 --- [quantota] [nio-8080-exec-6] o.s.web.servlet.DispatcherServlet        : GET "/precos", parameters={}
2026-08-31T17:22:41.157-03:00 DEBUG 82908 --- [quantota] [nio-8080-exec-5] o.s.web.servlet.DispatcherServlet        : GET "/produtos", parameters={}
2026-08-31T17:22:41.158-03:00 DEBUG 82908 --- [quantota] [nio-8080-exec-6] s.w.s.m.m.a.RequestMappingHandlerMapping : Mapped to br.com.quantota.controller.PrecoController#listar()
2026-08-31T17:22:41.158-03:00 DEBUG 82908 --- [quantota] [nio-8080-exec-5] s.w.s.m.m.a.RequestMappingHandlerMapping : Mapped to br.com.quantota.controller.ProdutoController#listar()
2026-08-31T17:22:41.158-03:00 DEBUG 82908 --- [quantota] [nio-8080-exec-4] s.w.s.m.m.a.RequestMappingHandlerMapping : Mapped to br.com.quantota.controller.MercadoController#listar()
2026-08-31T17:22:41.159-03:00 DEBUG 82908 --- [quantota] [nio-8080-exec-4] org.hibernate.SQL                        : 
    select
        m1_0.id,
        m1_0.ativo,
        m1_0.bairro,
        m1_0.cidade,
        m1_0.endereco,
        m1_0.estado,
        m1_0.nome,
        m1_0.telefone 
    from
        mercados m1_0 
    where
        m1_0.ativo
2026-08-31T17:22:41.159-03:00 DEBUG 82908 --- [quantota] [nio-8080-exec-5] org.hibernate.SQL                        : 
    select
        p1_0.id,
        p1_0.ativo,
        p1_0.categoria,
        p1_0.descricao,
        p1_0.marca,
        p1_0.nome,
        p1_0.unidade_medida 
    from
        produtos p1_0 
    where
        p1_0.ativo
Hibernate: 
    select
        m1_0.id,
        m1_0.ativo,
        m1_0.bairro,
        m1_0.cidade,
        m1_0.endereco,
        m1_0.estado,
        m1_0.nome,
        m1_0.telefone 
    from
        mercados m1_0 
    where
        m1_0.ativo
Hibernate: 
    select
        p1_0.id,
        p1_0.ativo,
        p1_0.categoria,
        p1_0.descricao,
        p1_0.marca,
        p1_0.nome,
        p1_0.unidade_medida 
    from
        produtos p1_0 
    where
        p1_0.ativo
2026-08-31T17:22:41.313-03:00 DEBUG 82908 --- [quantota] [nio-8080-exec-6] org.hibernate.SQL                        : 
    select
        p1_0.id,
        p1_0.data_atualizacao,
        p1_0.data_cadastro,
        p1_0.data_coleta,
        p1_0.mercado_id,
        p1_0.observacao,
        p1_0.produto_id,
        p1_0.usuario_cadastro_id,
        p1_0.valor 
    from
        precos p1_0
Hibernate: 
    select
        p1_0.id,
        p1_0.data_atualizacao,
        p1_0.data_cadastro,
        p1_0.data_coleta,
        p1_0.mercado_id,
        p1_0.observacao,
        p1_0.produto_id,
        p1_0.usuario_cadastro_id,
        p1_0.valor 
    from
        precos p1_0
2026-08-31T17:22:41.474-03:00 DEBUG 82908 --- [quantota] [nio-8080-exec-4] m.m.a.RequestResponseBodyMethodProcessor : Using 'application/json', given [application/json, text/plain, */*] and supported [application/json, application/*+json]
2026-08-31T17:22:41.474-03:00 DEBUG 82908 --- [quantota] [nio-8080-exec-4] m.m.a.RequestResponseBodyMethodProcessor : Writing [[]]
2026-08-31T17:22:41.475-03:00 DEBUG 82908 --- [quantota] [nio-8080-exec-4] o.s.web.servlet.DispatcherServlet        : Completed 200 OK
2026-08-31T17:22:41.490-03:00 DEBUG 82908 --- [quantota] [nio-8080-exec-5] m.m.a.RequestResponseBodyMethodProcessor : Using 'application/json', given [application/json, text/plain, */*] and supported [application/json, application/*+json]
2026-08-31T17:22:41.490-03:00 DEBUG 82908 --- [quantota] [nio-8080-exec-5] m.m.a.RequestResponseBodyMethodProcessor : Writing [[br.com.quantota.model.Produto@3ecc5a72]]
2026-08-31T17:22:41.491-03:00 DEBUG 82908 --- [quantota] [nio-8080-exec-5] o.s.web.servlet.DispatcherServlet        : Completed 200 OK
2026-08-31T17:22:41.621-03:00 DEBUG 82908 --- [quantota] [nio-8080-exec-6] m.m.a.RequestResponseBodyMethodProcessor : Using 'application/json', given [application/json, text/plain, */*] and supported [application/json, application/*+json]
2026-08-31T17:22:41.621-03:00 DEBUG 82908 --- [quantota] [nio-8080-exec-6] m.m.a.RequestResponseBodyMethodProcessor : Writing [[]]
2026-08-31T17:22:41.621-03:00 DEBUG 82908 --- [quantota] [nio-8080-exec-6] o.s.web.servlet.DispatcherServlet        : Completed 200 OK
2026-08-31T17:23:59.677-03:00 DEBUG 82908 --- [quantota] [nio-8080-exec-8] o.s.web.servlet.DispatcherServlet        : GET "/dashboard", parameters={}
2026-08-31T17:23:59.677-03:00 DEBUG 82908 --- [quantota] [nio-8080-exec-8] o.s.w.s.handler.SimpleUrlHandlerMapping  : Mapped to ResourceHttpRequestHandler [classpath [META-INF/resources/], classpath [resources/], classpath [static/], classpath [public/], ServletContext [/]]
2026-08-31T17:23:59.681-03:00 DEBUG 82908 --- [quantota] [nio-8080-exec-8] o.s.w.s.r.ResourceHttpRequestHandler     : Resource not found
2026-08-31T17:23:59.681-03:00 DEBUG 82908 --- [quantota] [nio-8080-exec-8] .w.s.m.s.DefaultHandlerExceptionResolver : Resolved [org.springframework.web.servlet.resource.NoResourceFoundException: No static resource dashboard.]
2026-08-31T17:23:59.681-03:00 DEBUG 82908 --- [quantota] [nio-8080-exec-8] o.s.web.servlet.DispatcherServlet        : Completed 404 NOT_FOUND
2026-08-31T17:23:59.698-03:00 DEBUG 82908 --- [quantota] [nio-8080-exec-7] o.s.web.servlet.DispatcherServlet        : GET "/produtos", parameters={}
2026-08-31T17:23:59.698-03:00 DEBUG 82908 --- [quantota] [io-8080-exec-10] o.s.web.servlet.DispatcherServlet        : GET "/mercados", parameters={}
2026-08-31T17:23:59.700-03:00 DEBUG 82908 --- [quantota] [nio-8080-exec-7] s.w.s.m.m.a.RequestMappingHandlerMapping : Mapped to br.com.quantota.controller.ProdutoController#listar()
2026-08-31T17:23:59.700-03:00 DEBUG 82908 --- [quantota] [io-8080-exec-10] s.w.s.m.m.a.RequestMappingHandlerMapping : Mapped to br.com.quantota.controller.MercadoController#listar()
2026-08-31T17:23:59.701-03:00 DEBUG 82908 --- [quantota] [io-8080-exec-10] org.hibernate.SQL                        : 
    select
        m1_0.id,
        m1_0.ativo,
        m1_0.bairro,
        m1_0.cidade,
        m1_0.endereco,
        m1_0.estado,
        m1_0.nome,
        m1_0.telefone 
    from
        mercados m1_0 
    where
        m1_0.ativo
Hibernate: 
    select
        m1_0.id,
        m1_0.ativo,
        m1_0.bairro,
        m1_0.cidade,
        m1_0.endereco,
        m1_0.estado,
        m1_0.nome,
        m1_0.telefone 
    from
        mercados m1_0 
    where
        m1_0.ativo
2026-08-31T17:23:59.701-03:00 DEBUG 82908 --- [quantota] [nio-8080-exec-7] org.hibernate.SQL                        : 
    select
        p1_0.id,
        p1_0.ativo,
        p1_0.categoria,
        p1_0.descricao,
        p1_0.marca,
        p1_0.nome,
        p1_0.unidade_medida 
    from
        produtos p1_0 
    where
        p1_0.ativo
Hibernate: 
    select
        p1_0.id,
        p1_0.ativo,
        p1_0.categoria,
        p1_0.descricao,
        p1_0.marca,
        p1_0.nome,
        p1_0.unidade_medida 
    from
        produtos p1_0 
    where
        p1_0.ativo
2026-08-31T17:23:59.705-03:00 DEBUG 82908 --- [quantota] [nio-8080-exec-1] o.s.web.servlet.DispatcherServlet        : GET "/precos", parameters={}
2026-08-31T17:23:59.705-03:00 DEBUG 82908 --- [quantota] [nio-8080-exec-1] s.w.s.m.m.a.RequestMappingHandlerMapping : Mapped to br.com.quantota.controller.PrecoController#listar()
2026-08-31T17:23:59.862-03:00 DEBUG 82908 --- [quantota] [nio-8080-exec-1] org.hibernate.SQL                        : 
    select
        p1_0.id,
        p1_0.data_atualizacao,
        p1_0.data_cadastro,
        p1_0.data_coleta,
        p1_0.mercado_id,
        p1_0.observacao,
        p1_0.produto_id,
        p1_0.usuario_cadastro_id,
        p1_0.valor 
    from
        precos p1_0
Hibernate: 
    select
        p1_0.id,
        p1_0.data_atualizacao,
        p1_0.data_cadastro,
        p1_0.data_coleta,
        p1_0.mercado_id,
        p1_0.observacao,
        p1_0.produto_id,
        p1_0.usuario_cadastro_id,
        p1_0.valor 
    from
        precos p1_0
2026-08-31T17:24:00.010-03:00 DEBUG 82908 --- [quantota] [nio-8080-exec-7] m.m.a.RequestResponseBodyMethodProcessor : Using 'application/json', given [application/json, text/plain, */*] and supported [application/json, application/*+json]
2026-08-31T17:24:00.010-03:00 DEBUG 82908 --- [quantota] [nio-8080-exec-7] m.m.a.RequestResponseBodyMethodProcessor : Writing [[br.com.quantota.model.Produto@7c09b26b]]
2026-08-31T17:24:00.011-03:00 DEBUG 82908 --- [quantota] [nio-8080-exec-7] o.s.web.servlet.DispatcherServlet        : Completed 200 OK
2026-08-31T17:24:00.014-03:00 DEBUG 82908 --- [quantota] [io-8080-exec-10] m.m.a.RequestResponseBodyMethodProcessor : Using 'application/json', given [application/json, text/plain, */*] and supported [application/json, application/*+json]
2026-08-31T17:24:00.014-03:00 DEBUG 82908 --- [quantota] [io-8080-exec-10] m.m.a.RequestResponseBodyMethodProcessor : Writing [[]]
2026-08-31T17:24:00.015-03:00 DEBUG 82908 --- [quantota] [io-8080-exec-10] o.s.web.servlet.DispatcherServlet        : Completed 200 OK
2026-08-31T17:24:00.178-03:00 DEBUG 82908 --- [quantota] [nio-8080-exec-1] m.m.a.RequestResponseBodyMethodProcessor : Using 'application/json', given [application/json, text/plain, */*] and supported [application/json, application/*+json]
2026-08-31T17:24:00.178-03:00 DEBUG 82908 --- [quantota] [nio-8080-exec-1] m.m.a.RequestResponseBodyMethodProcessor : Writing [[]]
2026-08-31T17:24:00.180-03:00 DEBUG 82908 --- [quantota] [nio-8080-exec-1] o.s.web.servlet.DispatcherServlet        : Completed 200 OK
